Yasaka Zap Spin,,,,Yasaka Zap Speed,,,,Yasaka Rakza Z Extra Hard,,,,Yasaka Rakza Z,,,,Yasaka Rakza X Soft,,,,Yasaka Rakza X,,,,Yasaka Rakza 9,,,,Yasaka Rakza 7 Soft,,,,Yasaka Rakza 7,,,,Yasaka Pryde 40,,,,Yasaka Pryde 30,,,,Yasaka Pryde,,,,Yasaka New Era,,,,Yasaka Mark V,,,,Yasaka GP Extenze,,,,Yasaka Fusion,,,,Yasaka Anti Power (Anti-spin),,,,Xiom Zeta Euro,,,,Xiom Zeta Asian,,,,Xiom Yanus DF,,,,Xiom Vega X,,,,Xiom Vega Tour,,,,Xiom Vega Pro,,,,Xiom Vega Japan,,,,Xiom Vega Intro,,,,Xiom Vega Europe Df,,,,Xiom Vega Europe,,,,Xiom Vega Euro DF,,,,Xiom Vega Elite,,,,Xiom Vega Def,,,,Xiom Vega China VM,,,,Xiom Vega China VH,,,,Xiom Vega Asia DF,,,,Xiom Vega Asia,,,,Xiom True Innovation Euro,,,,Xiom True Innovation Asian,,,,Xiom Tau,,,,Xiom Sigma II Pro,,,,Xiom Sigma II Euro,,,,Xiom Sigma 1 Pro,,,,Xiom Sigma 1 Japan Special,,,,Xiom Sigma 1 Euro,,,,Xiom Oza,,,,Xiom Omega VII Tour,,,,Xiom Omega VII Pro,,,,Xiom Omega VII Hyper,,,,Xiom Omega VII Euro,,,,Xiom Omega VII Asia,,,,Xiom Omega V Tour,,,,Xiom Omega V Pro,,,,Xiom Omega V Euro,,,,Xiom Omega V Asia,,,,Xiom Omega IV Pro,,,,Xiom Omega IV Euro,,,,Xiom Omega IV Elite,,,,Xiom Omega IV Asia,,,,Xiom Omega IV,,,,Xiom Omega China Ying,,,,Xiom Omega 3 Euro,,,,Xiom Omega 3 Asian,,,,Xiom Omega 2 Euro,,,,Xiom Omega 2 Asian,,,,Xiom Omega 1 Euro,,,,Xiom Omega 1 Asian,,,,Xiom Musa III China,,,,Xiom Musa III,,,,Xiom Musa II,,,,Xiom Musa 1,,,,Xiom Musa,,,,Xiom Max Leverage,,,,Tibhar Volcano,,,,Tibhar Vari Spin D.TecS,,,,Tibhar Vari Spin,,,,Tibhar Torpedo Soft,,,,Tibhar Torpedo,,,,Tibhar Super 40 Defense Soft,,,,Tibhar Super 40 Defense,,,,Tibhar Speedy Spin Premium,,,,Tibhar Speedy Spin FX Premium,,,,Tibhar Speedy Spin,,,,Tibhar Sinus Sound,,,,Tibhar Sinus Alpha,,,,Tibhar Sinus,,,,Tibhar Samurai,,,,Tibhar Rookie D.TecS,,,,Tibhar Rapid X-Press,,,,Tibhar Rapid Soft,,,,Tibhar Rapid D.TecS,,,,Tibhar Rapid D. TecS Soft,,,,Tibhar Rapid,,,,Tibhar Quantum X Pro,,,,Tibhar Quantum X,,,,Tibhar Quantum S,,,,Tibhar Quantum,,,,Tibhar Primus,,,,Tibhar Phantom X-Press,,,,Tibhar Phantom,,,,Tibhar Norm,,,,Tibhar Nimbus VIP,,,,Tibhar Nimbus Sound,,,,Tibhar Nimbus Soft,,,,Tibhar Nimbus Medium,,,,Tibhar Nimbus Delta V,,,,Tibhar Nimbus Delta S,,,,Tibhar Nimbus,,,,Tibhar Nianmor Soft,,,,Tibhar Nianmor,,,,Tibhar MX-K H,,,,Tibhar MX-K,,,,Tibhar Makss,,,,Tibhar Legend Destroyer,,,,Tibhar Legend,,,,Tibhar Learn Spin,,,,Tibhar Karisma,,,,Tibhar Hybrid K2,,,,Tibhar Hybrid K1 Plus,,,,Tibhar Hybrid K1 European Version,,,,Tibhar Hybrid K1,,,,Tibhar Grip-S Europe Soft,,,,Tibhar Grip-S Europe,,,,Tibhar Grip-S,,,,Tibhar Genius+ Optimum Sound,,,,Tibhar Genius+ Optimum,,,,Tibhar Genius Supreme,,,,Tibhar Genius Sound,,,,Tibhar Genius,,,,Tibhar Evolution MX-S,,,,Tibhar Evolution MX-P 50,,,,Tibhar Evolution MX-P,,,,Tibhar Evolution FX-S,,,,Tibhar Evolution FX-P,,,,Tibhar Evolution EL-S,,,,Tibhar Evolution EL-P,,,,Tibhar Ellen,,,,Tibhar Bungee,,,,Tibhar Aurus TC-1,,,,Tibhar Aurus Sound,,,,Tibhar Aurus Soft,,,,Tibhar Aurus Select,,,,Tibhar Aurus Prime,,,,Tibhar Aurus,,,,Tibhar 5Q VIP,,,,Tibhar 5Q Update,,,,Tibhar 5Q Sound,,,,Tibhar 5Q,,,,Tibhar 1Q XD,,,,Tibhar 1Q Sound,,,,Tibhar 1Q,,,,Three Sword Regal Challenge,,,,Three Sword Red Dragon,,,,Three Sword Leap Pro (National Blue Sponge),,,,Stiga Vaporizer,,,,Stiga Power LT,,,,Stiga Optimum MP,,,,Stiga Neos Tacky,,,,Stiga Neos SynergyTech,,,,Stiga Neos Sound SynergyTech,,,,Stiga Neos Sound,,,,Stiga Neos,,,,Stiga Mendo MP,,,,Stiga Mendo Energy,,,,Stiga Mendo,,,,Stiga Mantra S,,,,Stiga Mantra M,,,,Stiga Mantra H,,,,Stiga Magna TX,,,,Stiga Magna TS II (2),,,,Stiga Magna TC II (2),,,,Stiga Magna,,,,Stiga Innova Ultra Light SynergyTech,,,,Stiga Innova Ultra Light,,,,Stiga Innova Premium,,,,Stiga Innova,,,,Stiga Genesis S,,,,Stiga Genesis M,,,,Stiga Genesis II S,,,,Stiga Genesis II M,,,,Stiga Evo,,,,Stiga Energy Absorber (Anti-spin),,,,Stiga DNA Pro S,,,,Stiga DNA Pro M,,,,Stiga DNA Pro H,,,,Stiga DNA Future M,,,,Stiga Cobra 2000,,,,Stiga Chop & Drive,,,,Stiga China Extreme,,,,Stiga Carbo Sound,,,,Stiga Carbo MC,,,,Stiga Carbo,,,,Stiga Calibra Tour S,,,,Stiga Calibra Tour M,,,,Stiga Calibra Tour H,,,,Stiga Calibra LT Spin,,,,Stiga Calibra LT Sound,,,,Stiga Calibra LT Plus,,,,Stiga Calibra LT,,,,Stiga Boost TX,,,,Stiga Boost TS,,,,Stiga Boost TP,,,,Stiga Boost TC,,,,Stiga Almana Sound SynergyTech,,,,Stiga Almana Sound,,,,Stiga Almana,,,,Stiga Airoc S,,,,Stiga Airoc M,,,,Stiga Airoc Astro S,,,,Stiga Airoc Astro M,,,,Sanwei Ultraspin T88,,,,Sanwei Target Provincial,,,,Sanwei Target Pro Blue,,,,Sanwei Target National,,,,Sanwei Target Europe 40+,,,,Sanwei Target 90,,,,Sanwei Target,,,,Sanwei Taiji Plus,,,,Sanwei T88-III 2,,,,Sanwei T88-III,,,,Sanwei T88-II,,,,Sanwei T88-I Light,,,,Sanwei T88-I,,,,Sanwei T88 TAIJI,,,,Sanwei T88,,,,JOOLA Zack,,,,JOOLA X-Plode Sensitive,,,,JOOLA X-Plode,,,,JOOLA Upp,,,,JOOLA Toni Hold Anti Topspin,,,,JOOLA Timeless (Anti-spin),,,,JOOLA Terminator,,,,JOOLA Tango Ultra,,,,JOOLA Tango Golden,,,,JOOLA Tango Extrem,,,,JOOLA Tango Defensive,,,,JOOLA Tango,,,,JOOLA Spring Thunder,,,,JOOLA Samba+,,,,JOOLA Samba Tech,,,,JOOLA Samba NTEC,,,,JOOLA Samba Klick,,,,JOOLA Samba 27,,,,JOOLA Samba 19,,,,JOOLA Samba,,,,JOOLA Rhyzm-P,,,,JOOLA Rhyzm Tech,,,,JOOLA Rhyzm 425,,,,JOOLA Rhyzm 375,,,,JOOLA Rhyzm,,,,JOOLA Rhyzer Pro 50,,,,JOOLA Rhyzer Pro 45,,,,JOOLA Rhyzer 48,,,,JOOLA Rhyzer 43,,,,JOOLA Phenix 48,,,,JOOLA Phenix (Phoenix),,,,JOOLA Orbit ICU,,,,JOOLA Novic,,,,JOOLA Moskito S35,,,,JOOLA Moskito M40,,,,JOOLA Moskito,,,,JOOLA MAXXX-P,,,,JOOLA Maxxx 500,,,,JOOLA Maxxx 450,,,,JOOLA Maxxx 400,,,,JOOLA Mambo Tuning,,,,JOOLA Mambo H Tuning,,,,JOOLA Mambo H,,,,JOOLA Mambo GP,,,,JOOLA Mambo C,,,,JOOLA Mambo,,,,Galaxy Venus 3,,,,Galaxy Venus 2,,,,Galaxy Venus,,,,Galaxy Sun Pro,,,,Galaxy Sun,,,,Galaxy Saturn Pro,,,,Galaxy Saturn,,,,Galaxy Moon Speed,,,,Galaxy Moon Pro,,,,Galaxy Moon,,,,Galaxy Mercury III EURO,,,,Galaxy Mercury II,,,,Galaxy Mercury,,,,Galaxy Mars V2,,,,Galaxy Mars,,,,Galaxy M-Star,,,,Galaxy Jupiter II,,,,Galaxy Jupiter,,,,Galaxy Earth 2,,,,Galaxy Earth,,,,Galaxy Big Dipper IV,,,,Galaxy Big Dipper,,,,Galaxy Apollo III,,,,Galaxy Apollo II,,,,Galaxy Apollo 5,,,,Galaxy Apollo,,,,Galaxy 9000E,,,,Galaxy 9000D,,,,Galaxy 9000 Series 2,,,,Galaxy 9000 3 Star,,,,Donic Vario ST (Tuned),,,,Donic Vario Sound,,,,Donic Vario Soft ST,,,,Donic Vario Soft,,,,Donic Vario Mach 1,,,,Donic Vario Cooper S,,,,Donic Vario Big Slam,,,,Donic Vario,,,,Donic Twingo Plus,,,,Donic Twingo,,,,Donic Traction MS Soft,,,,Donic Traction MS Pro,,,,Donic Traction II,,,,Donic Supersonic S40,,,,Donic Sonex JP Soft,,,,Donic Sonex JP Gold,,,,Donic Sonex JP,,,,Donic Solo,,,,Donic Slice 40 CD,,,,Donic Slice 40,,,,Donic Quattro Formula,,,,Donic Quattro A'Conda Soft,,,,Donic Quattro A'Conda Medium,,,,Donic Quattro,,,,Donic QRC-Rubber 7000 Liga,,,,Donic Liga Plus,,,,Donic Liga,,,,Donic JO Waldner Legend,,,,Donic J.O. Waldner,,,,Donic Gallardo Speed,,,,Donic Gallardo Sound,,,,Donic Gallardo Power Sound,,,,Donic Energy 3000,,,,Donic Desto F4,,,,Donic Desto F3 Big Slam,,,,Donic Desto F3,,,,Donic Desto F2,,,,Donic Desto F1 Plus,,,,Donic Desto F1 HS,,,,Donic Desto F1,,,,Donic Coppa X3 Silver,,,,Donic Coppa X2 Platin Soft,,,,Donic Coppa X1 Turbo Platin,,,,Donic Coppa X1 Gold,,,,Donic Coppa Tenero,,,,Donic Coppa Tagora,,,,Donic Coppa Speed,,,,Donic Coppa JO Silver,,,,Donic Coppa JO Platin Soft,,,,Donic Coppa JO Platin,,,,Donic Coppa JO Gold,,,,Donic Coppa JO,,,,Donic Coppa,,,,Donic Bluestorm Z3,,,,Donic Bluestorm Z2,,,,Donic Bluestorm Z1 Turbo,,,,Donic Bluestorm Z1,,,,Donic Bluestorm Big Slam,,,,Donic Blues,,,,Donic BlueGrip V1,,,,Donic BlueGrip R1,,,,Donic BlueGrip C2,,,,Donic BlueGrip C1,,,,Donic Bluefire M3,,,,Donic Bluefire M2,,,,Donic Bluefire M1 Turbo,,,,Donic Bluefire M1,,,,Donic Bluefire JP 03,,,,Donic Bluefire JP 02,,,,Donic Bluefire JP 01 Turbo,,,,Donic Bluefire JP 01,,,,Donic Bluefire Big Slam,,,,Donic Bluefire,,,,Donic Baracuda Big Slam,,,,Donic Baracuda,,,,Donic Anti-40,,,,Donic Anti Classic,,,,Donic Anti A40 (Anti-spin),,,,Donic Alligator Anti,,,,Donic Akkadi Taichi (Red),,,,Donic Akkadi Taichi,,,,Donic Akkadi Java,,,,Donic Acuda S3,,,,Donic Acuda S2,,,,Donic Acuda S1 Turbo,,,,Donic Acuda S1,,,,Donic Acuda Blue P3,,,,Donic Acuda Blue P2,,,,Donic Acuda Blue P1 Turbo,,,,Donic Acuda Blue P1,,,,Donic 66GS,,,,DHS TNT,,,,DHS Tin Arc 5 Soft,,,,DHS Tin Arc 5,,,,DHS Tin Arc 3 Soft,,,,DHS Tin Arc 3,,,,DHS Tin Arc,,,,DHS Skyline TG3 (No. 21 Blue Sponge),,,,DHS Skyline TG3,,,,DHS Skyline 2,,,,DHS Skyline,,,,DHS PF4-1,,,,DHS PF4 New,,,,DHS PF4 40+,,,,DHS PF4,,,,DHS NEO Skyline 3,,,,DHS NEO Skyline 2,,,,DHS NEO Hurricane 3,,,,DHS NEO Hurricane 2,,,,DHS Hurricane Neo 3 Provisional,,,,DHS Hurricane Neo 3,,,,DHS Hurricane 8 Hard,,,,DHS Hurricane 8,,,,DHS Hurricane 3-50 Soft,,,,DHS Hurricane 3-50,,,,DHS Hurricane 3 Pro,,,,DHS Hurricane 3 National,,,,DHS Hurricane 3,,,,DHS Hurricane 2,,,,DHS Hurricane,,,,DHS Gold Arc 8,,,,DHS Gold Arc 5,,,,DHS Gold Arc 3,,,,DHS Gold Arc,,,,DHS G888,,,,DHS G777,,,,DHS G666,,,,DHS G555,,,,DHS Dipper 3,,,,DHS Dipper 2,,,,DHS Dipper,,,,DHS DHS Hurricane 8 Mid,,,,DHS Dhs C7,,,,DHS 6512,,,,Butterfly Yuki,,,,Butterfly Wakaba D-13,,,,Butterfly Wakaba,,,,Butterfly Tenergy 80-FX,,,,Butterfly Tenergy 80,,,,Butterfly Tenergy 64 FX,,,,Butterfly Tenergy 64,,,,Butterfly Tenergy 25 FX,,,,Butterfly Tenergy 25,,,,Butterfly Tenergy 05 Hard,,,,Butterfly Tenergy 05 FX,,,,Butterfly Tenergy 05,,,,Butterfly Tempest,,,,Butterfly Super Anti Special (Anti-spin),,,,Butterfly Super Anti (Anti-spin),,,,Butterfly Stayer,,,,Butterfly Sriver S,,,,Butterfly Sriver PowerSponge,,,,Butterfly Sriver L,,,,Butterfly Sriver High Tune,,,,Butterfly Sriver G3 FX,,,,Butterfly Sriver G3,,,,Butterfly Sriver G2 High Tune,,,,Butterfly Sriver G2 FX,,,,Butterfly Sriver G2,,,,Butterfly Sriver FX PowerSponge,,,,Butterfly Sriver FX,,,,Butterfly Sriver EL,,,,Butterfly Sriver,,,,Butterfly Spin Art,,,,Butterfly Solcion,,,,Butterfly SOFT D13,,,,Butterfly Sapphira,,,,Butterfly Rozena,,,,Butterfly Roundell Soft,,,,Butterfly Roundell Hard,,,,Butterfly Roundell,,,,Butterfly Pan Asia,,,,Butterfly Morim,,,,Butterfly Largestorm,,,,Butterfly Gignics,,,,Butterfly Flextra,,,,Butterfly Ekrips Soft,,,,Butterfly Ekrips,,,,Butterfly Dignics 80,,,,Butterfly Dignics 64,,,,Butterfly Dignics 09C,,,,Butterfly Dignics 05,,,,Butterfly Cermet,,,,Butterfly Bryce Speed FX,,,,Butterfly Bryce Speed,,,,Butterfly Bryce PowerSponge,,,,Butterfly Bryce High Tune,,,,Butterfly Bryce High Speed,,,,Butterfly Bryce Hard,,,,Butterfly Bryce FX PowerSponge,,,,Butterfly Bryce FX,,,,Butterfly Bryce,,,,Butterfly Aibiss,,,,Butterfly Addoy,,,,Andro Zenith G,,,,Andro Upgrade,,,,Andro Shifter PowerSponge,,,,Andro Shifter,,,,Andro Roxon 500 Pro,,,,Andro Roxon 450,,,,Andro Roxon 330,,,,Andro Rocket Soft,,,,Andro Rocket Medium,,,,Andro Rocket Hard,,,,Andro Revolution Quad 480,,,,Andro Revolution Quad 450,,,,Andro Revolution Quad 420,,,,Andro Revolution Fire,,,,Andro Revolution,,,,Andro Revo Fire,,,,Andro Razant,,,,Andro Rasanter V47,,,,Andro Rasanter V42,,,,Andro Rasanter R53,,,,Andro Rasanter R50,,,,Andro Rasanter R48,,,,Andro Rasanter R47,,,,Andro Rasanter R42,,,,Andro Rasanter R37,,,,Andro Rasanter,,,,Andro Rasant Turbo,,,,Andro Rasant Powersponge,,,,Andro Rasant PowerGrip,,,,Andro Rasant Grip,,,,Andro Rasant Chaos,,,,Andro Rasant Beat,,,,Andro Rasant,,,,Andro Plaxon 525,,,,Andro Plaxon 450,,,,Andro Plaxon 400,,,,Andro Plaxon 350,,,,Andro Plasma Women,,,,Andro Plasma 470,,,,Andro Plasma 430,,,,Andro Plasma 380,,,,Andro Maxcell SuperSponge,,,,Andro Impuls Speed,,,,Andro Impuls Powersponge,,,,Andro Impuls,,,,Andro Hexer+,,,,Andro Hexer Powersponge,,,,Andro Hexer Powergrip SFX,,,,Andro Hexer Powergrip,,,,Andro Hexer HD,,,,Andro Hexer Grip SFX,,,,Andro Hexer Grip,,,,Andro Hexer Duro,,,,Andro Hexer,,,,Andro GTT 45,,,,Andro GTT 40,,,,