zap spin,Yasaka-Zap-Spin
yasaka zap spin,Yasaka-Zap-Spin
zap speed,Yasaka-Zap-Speed
yasaka zap speed,Yasaka-Zap-Speed
rakza z,Yasaka-Rakza-Z
yasaka rakza z,Yasaka-Rakza-Z
x-soft,Yasaka-Rakza-X-Soft
xsoft,Yasaka-Rakza-X-Soft
x soft,Yasaka-Rakza-X-Soft
rakza x-soft,Yasaka-Rakza-X-Soft
rakza x soft,Yasaka-Rakza-X-Soft
rakza xsoft,Yasaka-Rakza-X-Soft
yasaka x-soft,Yasaka-Rakza-X-Soft
yasaka xsoft,Yasaka-Rakza-X-Soft
yasaka x soft,Yasaka-Rakza-X-Soft
yasaka rakza x-soft,Yasaka-Rakza-X-Soft
yasaka rakza x soft,Yasaka-Rakza-X-Soft
yasaka rakza xsoft,Yasaka-Rakza-X-Soft
rakza x,Yasaka-Rakza-X
yasaka rakza x,Yasaka-Rakza-X
rakza 9,Yasaka-Rakza-9
r9,Yasaka-Rakza-9
rakza9,Yasaka-Rakza-9
yasaka rakza 9,Yasaka-Rakza-9
yasaka r9,Yasaka-Rakza-9
yasaka rakza9,Yasaka-Rakza-9
7-soft,Yasaka-Rakza-7-Soft
7soft,Yasaka-Rakza-7-Soft
7 soft,Yasaka-Rakza-7-Soft
rakza 7-soft,Yasaka-Rakza-7-Soft
rakza 7 soft,Yasaka-Rakza-7-Soft
rakza 7soft,Yasaka-Rakza-7-Soft
r7soft,Yasaka-Rakza-7-Soft
r7-soft,Yasaka-Rakza-7-Soft
yasaka 7-soft,Yasaka-Rakza-7-Soft
yasaka 7soft,Yasaka-Rakza-7-Soft
yasaka 7 soft,Yasaka-Rakza-7-Soft
yasaka rakza 7-soft,Yasaka-Rakza-7-Soft
yasaka rakza 7 soft,Yasaka-Rakza-7-Soft
yasaka rakza 7soft,Yasaka-Rakza-7-Soft
yasaka r7soft,Yasaka-Rakza-7-Soft
yasaka r7-soft,Yasaka-Rakza-7-Soft
rakza 7,Yasaka-Rakza-7
r7,Yasaka-Rakza-7
rakza7,Yasaka-Rakza-7
yasaka rakza 7,Yasaka-Rakza-7
yasaka r7,Yasaka-Rakza-7
yasaka rakza7,Yasaka-Rakza-7
pryde 40,Yasaka-Pryde-40
p40,Yasaka-Pryde-40
pryde40,Yasaka-Pryde-40
yasaka pryde 40,Yasaka-Pryde-40
yasaka p40,Yasaka-Pryde-40
yasaka pryde40,Yasaka-Pryde-40
pryde 30,Yasaka-Pryde-30
p30,Yasaka-Pryde-30
pryde30,Yasaka-Pryde-30
yasaka pryde 30,Yasaka-Pryde-30
yasaka p30,Yasaka-Pryde-30
yasaka pryde30,Yasaka-Pryde-30
pryde,Yasaka-Pryde
yasaka pryde,Yasaka-Pryde
new era,Yasaka-New-Era
yasaka new era,Yasaka-New-Era
mark v,Yasaka-Mark-V
yasaka mark v,Yasaka-Mark-V
gp extenze,Yasaka-GP-Extenze
yasaka gp extenze,Yasaka-GP-Extenze
fusion,Yasaka-Fusion
yasaka fusion,Yasaka-Fusion
power-(anti-spin),Yasaka-Anti-Power-(Anti-spin)
power(anti-spin),Yasaka-Anti-Power-(Anti-spin)
power (anti-spin),Yasaka-Anti-Power-(Anti-spin)
anti power-(anti-spin),Yasaka-Anti-Power-(Anti-spin)
anti power (anti-spin),Yasaka-Anti-Power-(Anti-spin)
anti power(anti-spin),Yasaka-Anti-Power-(Anti-spin)
yasaka power-(anti-spin),Yasaka-Anti-Power-(Anti-spin)
yasaka power(anti-spin),Yasaka-Anti-Power-(Anti-spin)
yasaka power (anti-spin),Yasaka-Anti-Power-(Anti-spin)
yasaka anti power-(anti-spin),Yasaka-Anti-Power-(Anti-spin)
yasaka anti power (anti-spin),Yasaka-Anti-Power-(Anti-spin)
yasaka anti power(anti-spin),Yasaka-Anti-Power-(Anti-spin)
zeta euro,Xiom-Zeta-Euro
xiom zeta euro,Xiom-Zeta-Euro
zeta asian,Xiom-Zeta-Asian
xiom zeta asian,Xiom-Zeta-Asian
yanus df,Xiom-Yanus-DF
xiom yanus df,Xiom-Yanus-DF
vega x,Xiom-Vega-X
xiom vega x,Xiom-Vega-X
vega tour,Xiom-Vega-Tour
xiom vega tour,Xiom-Vega-Tour
vega pro,Xiom-Vega-Pro
xiom vega pro,Xiom-Vega-Pro
vega japan,Xiom-Vega-Japan
xiom vega japan,Xiom-Vega-Japan
vega intro,Xiom-Vega-Intro
xiom vega intro,Xiom-Vega-Intro
europe-df,Xiom-Vega-Europe-Df
europedf,Xiom-Vega-Europe-Df
europe df,Xiom-Vega-Europe-Df
vega europe-df,Xiom-Vega-Europe-Df
vega europe df,Xiom-Vega-Europe-Df
vega europedf,Xiom-Vega-Europe-Df
xiom europe-df,Xiom-Vega-Europe-Df
xiom europedf,Xiom-Vega-Europe-Df
xiom europe df,Xiom-Vega-Europe-Df
xiom vega europe-df,Xiom-Vega-Europe-Df
xiom vega europe df,Xiom-Vega-Europe-Df
xiom vega europedf,Xiom-Vega-Europe-Df
vega europe,Xiom-Vega-Europe
xiom vega europe,Xiom-Vega-Europe
euro-df,Xiom-Vega-Euro-DF
eurodf,Xiom-Vega-Euro-DF
euro df,Xiom-Vega-Euro-DF
vega euro-df,Xiom-Vega-Euro-DF
vega euro df,Xiom-Vega-Euro-DF
vega eurodf,Xiom-Vega-Euro-DF
xiom euro-df,Xiom-Vega-Euro-DF
xiom eurodf,Xiom-Vega-Euro-DF
xiom euro df,Xiom-Vega-Euro-DF
xiom vega euro-df,Xiom-Vega-Euro-DF
xiom vega euro df,Xiom-Vega-Euro-DF
xiom vega eurodf,Xiom-Vega-Euro-DF
vega elite,Xiom-Vega-Elite
xiom vega elite,Xiom-Vega-Elite
vega def,Xiom-Vega-Def
xiom vega def,Xiom-Vega-Def
china-vm,Xiom-Vega-China-VM
chinavm,Xiom-Vega-China-VM
china vm,Xiom-Vega-China-VM
vega china-vm,Xiom-Vega-China-VM
vega china vm,Xiom-Vega-China-VM
vega chinavm,Xiom-Vega-China-VM
xiom china-vm,Xiom-Vega-China-VM
xiom chinavm,Xiom-Vega-China-VM
xiom china vm,Xiom-Vega-China-VM
xiom vega china-vm,Xiom-Vega-China-VM
xiom vega china vm,Xiom-Vega-China-VM
xiom vega chinavm,Xiom-Vega-China-VM
china-vh,Xiom-Vega-China-VH
chinavh,Xiom-Vega-China-VH
china vh,Xiom-Vega-China-VH
vega china-vh,Xiom-Vega-China-VH
vega china vh,Xiom-Vega-China-VH
vega chinavh,Xiom-Vega-China-VH
xiom china-vh,Xiom-Vega-China-VH
xiom chinavh,Xiom-Vega-China-VH
xiom china vh,Xiom-Vega-China-VH
xiom vega china-vh,Xiom-Vega-China-VH
xiom vega china vh,Xiom-Vega-China-VH
xiom vega chinavh,Xiom-Vega-China-VH
asia-df,Xiom-Vega-Asia-DF
asiadf,Xiom-Vega-Asia-DF
asia df,Xiom-Vega-Asia-DF
vega asia-df,Xiom-Vega-Asia-DF
vega asia df,Xiom-Vega-Asia-DF
vega asiadf,Xiom-Vega-Asia-DF
xiom asia-df,Xiom-Vega-Asia-DF
xiom asiadf,Xiom-Vega-Asia-DF
xiom asia df,Xiom-Vega-Asia-DF
xiom vega asia-df,Xiom-Vega-Asia-DF
xiom vega asia df,Xiom-Vega-Asia-DF
xiom vega asiadf,Xiom-Vega-Asia-DF
vega asia,Xiom-Vega-Asia
xiom vega asia,Xiom-Vega-Asia
innovation-euro,Xiom-True-Innovation-Euro
innovationeuro,Xiom-True-Innovation-Euro
innovation euro,Xiom-True-Innovation-Euro
true innovation-euro,Xiom-True-Innovation-Euro
true innovation euro,Xiom-True-Innovation-Euro
true innovationeuro,Xiom-True-Innovation-Euro
xiom innovation-euro,Xiom-True-Innovation-Euro
xiom innovationeuro,Xiom-True-Innovation-Euro
xiom innovation euro,Xiom-True-Innovation-Euro
xiom true innovation-euro,Xiom-True-Innovation-Euro
xiom true innovation euro,Xiom-True-Innovation-Euro
xiom true innovationeuro,Xiom-True-Innovation-Euro
innovation-asian,Xiom-True-Innovation-Asian
innovationasian,Xiom-True-Innovation-Asian
innovation asian,Xiom-True-Innovation-Asian
true innovation-asian,Xiom-True-Innovation-Asian
true innovation asian,Xiom-True-Innovation-Asian
true innovationasian,Xiom-True-Innovation-Asian
xiom innovation-asian,Xiom-True-Innovation-Asian
xiom innovationasian,Xiom-True-Innovation-Asian
xiom innovation asian,Xiom-True-Innovation-Asian
xiom true innovation-asian,Xiom-True-Innovation-Asian
xiom true innovation asian,Xiom-True-Innovation-Asian
xiom true innovationasian,Xiom-True-Innovation-Asian
tau,Xiom-Tau
xiom tau,Xiom-Tau
ii-pro,Xiom-Sigma-II-Pro
iipro,Xiom-Sigma-II-Pro
ii pro,Xiom-Sigma-II-Pro
sigma ii-pro,Xiom-Sigma-II-Pro
sigma ii pro,Xiom-Sigma-II-Pro
sigma iipro,Xiom-Sigma-II-Pro
xiom ii-pro,Xiom-Sigma-II-Pro
xiom iipro,Xiom-Sigma-II-Pro
xiom ii pro,Xiom-Sigma-II-Pro
xiom sigma ii-pro,Xiom-Sigma-II-Pro
xiom sigma ii pro,Xiom-Sigma-II-Pro
xiom sigma iipro,Xiom-Sigma-II-Pro
ii-euro,Xiom-Sigma-II-Euro
iieuro,Xiom-Sigma-II-Euro
ii euro,Xiom-Sigma-II-Euro
sigma ii-euro,Xiom-Sigma-II-Euro
sigma ii euro,Xiom-Sigma-II-Euro
sigma iieuro,Xiom-Sigma-II-Euro
xiom ii-euro,Xiom-Sigma-II-Euro
xiom iieuro,Xiom-Sigma-II-Euro
xiom ii euro,Xiom-Sigma-II-Euro
xiom sigma ii-euro,Xiom-Sigma-II-Euro
xiom sigma ii euro,Xiom-Sigma-II-Euro
xiom sigma iieuro,Xiom-Sigma-II-Euro
1-pro,Xiom-Sigma-1-Pro
1pro,Xiom-Sigma-1-Pro
1 pro,Xiom-Sigma-1-Pro
sigma 1-pro,Xiom-Sigma-1-Pro
sigma 1 pro,Xiom-Sigma-1-Pro
sigma 1pro,Xiom-Sigma-1-Pro
s1pro,Xiom-Sigma-1-Pro
s1-pro,Xiom-Sigma-1-Pro
xiom 1-pro,Xiom-Sigma-1-Pro
xiom 1pro,Xiom-Sigma-1-Pro
xiom 1 pro,Xiom-Sigma-1-Pro
xiom sigma 1-pro,Xiom-Sigma-1-Pro
xiom sigma 1 pro,Xiom-Sigma-1-Pro
xiom sigma 1pro,Xiom-Sigma-1-Pro
xiom s1pro,Xiom-Sigma-1-Pro
xiom s1-pro,Xiom-Sigma-1-Pro
1-euro,Xiom-Omega-1-Euro
1euro,Xiom-Omega-1-Euro
1 euro,Xiom-Omega-1-Euro
sigma 1-euro,Xiom-Sigma-1-Euro
sigma 1 euro,Xiom-Sigma-1-Euro
sigma 1euro,Xiom-Sigma-1-Euro
s1euro,Xiom-Sigma-1-Euro
s1-euro,Xiom-Sigma-1-Euro
xiom 1-euro,Xiom-Omega-1-Euro
xiom 1euro,Xiom-Omega-1-Euro
xiom 1 euro,Xiom-Omega-1-Euro
xiom sigma 1-euro,Xiom-Sigma-1-Euro
xiom sigma 1 euro,Xiom-Sigma-1-Euro
xiom sigma 1euro,Xiom-Sigma-1-Euro
xiom s1euro,Xiom-Sigma-1-Euro
xiom s1-euro,Xiom-Sigma-1-Euro
oza,Xiom-Oza
xiom oza,Xiom-Oza
vii-tour,Xiom-Omega-VII-Tour
viitour,Xiom-Omega-VII-Tour
vii tour,Xiom-Omega-VII-Tour
omega vii-tour,Xiom-Omega-VII-Tour
omega vii tour,Xiom-Omega-VII-Tour
omega viitour,Xiom-Omega-VII-Tour
xiom vii-tour,Xiom-Omega-VII-Tour
xiom viitour,Xiom-Omega-VII-Tour
xiom vii tour,Xiom-Omega-VII-Tour
xiom omega vii-tour,Xiom-Omega-VII-Tour
xiom omega vii tour,Xiom-Omega-VII-Tour
xiom omega viitour,Xiom-Omega-VII-Tour
vii-pro,Xiom-Omega-VII-Pro
viipro,Xiom-Omega-VII-Pro
vii pro,Xiom-Omega-VII-Pro
omega vii-pro,Xiom-Omega-VII-Pro
omega vii pro,Xiom-Omega-VII-Pro
omega viipro,Xiom-Omega-VII-Pro
xiom vii-pro,Xiom-Omega-VII-Pro
xiom viipro,Xiom-Omega-VII-Pro
xiom vii pro,Xiom-Omega-VII-Pro
xiom omega vii-pro,Xiom-Omega-VII-Pro
xiom omega vii pro,Xiom-Omega-VII-Pro
xiom omega viipro,Xiom-Omega-VII-Pro
vii-hyper,Xiom-Omega-VII-Hyper
viihyper,Xiom-Omega-VII-Hyper
vii hyper,Xiom-Omega-VII-Hyper
omega vii-hyper,Xiom-Omega-VII-Hyper
omega vii hyper,Xiom-Omega-VII-Hyper
omega viihyper,Xiom-Omega-VII-Hyper
xiom vii-hyper,Xiom-Omega-VII-Hyper
xiom viihyper,Xiom-Omega-VII-Hyper
xiom vii hyper,Xiom-Omega-VII-Hyper
xiom omega vii-hyper,Xiom-Omega-VII-Hyper
xiom omega vii hyper,Xiom-Omega-VII-Hyper
xiom omega viihyper,Xiom-Omega-VII-Hyper
vii-euro,Xiom-Omega-VII-Euro
viieuro,Xiom-Omega-VII-Euro
vii euro,Xiom-Omega-VII-Euro
omega vii-euro,Xiom-Omega-VII-Euro
omega vii euro,Xiom-Omega-VII-Euro
omega viieuro,Xiom-Omega-VII-Euro
xiom vii-euro,Xiom-Omega-VII-Euro
xiom viieuro,Xiom-Omega-VII-Euro
xiom vii euro,Xiom-Omega-VII-Euro
xiom omega vii-euro,Xiom-Omega-VII-Euro
xiom omega vii euro,Xiom-Omega-VII-Euro
xiom omega viieuro,Xiom-Omega-VII-Euro
vii-asia,Xiom-Omega-VII-Asia
viiasia,Xiom-Omega-VII-Asia
vii asia,Xiom-Omega-VII-Asia
omega vii-asia,Xiom-Omega-VII-Asia
omega vii asia,Xiom-Omega-VII-Asia
omega viiasia,Xiom-Omega-VII-Asia
xiom vii-asia,Xiom-Omega-VII-Asia
xiom viiasia,Xiom-Omega-VII-Asia
xiom vii asia,Xiom-Omega-VII-Asia
xiom omega vii-asia,Xiom-Omega-VII-Asia
xiom omega vii asia,Xiom-Omega-VII-Asia
xiom omega viiasia,Xiom-Omega-VII-Asia
v-tour,Xiom-Omega-V-Tour
vtour,Xiom-Omega-V-Tour
v tour,Xiom-Omega-V-Tour
omega v-tour,Xiom-Omega-V-Tour
omega v tour,Xiom-Omega-V-Tour
omega vtour,Xiom-Omega-V-Tour
xiom v-tour,Xiom-Omega-V-Tour
xiom vtour,Xiom-Omega-V-Tour
xiom v tour,Xiom-Omega-V-Tour
xiom omega v-tour,Xiom-Omega-V-Tour
xiom omega v tour,Xiom-Omega-V-Tour
xiom omega vtour,Xiom-Omega-V-Tour
v-pro,Xiom-Omega-V-Pro
vpro,Xiom-Omega-V-Pro
v pro,Xiom-Omega-V-Pro
omega v-pro,Xiom-Omega-V-Pro
omega v pro,Xiom-Omega-V-Pro
omega vpro,Xiom-Omega-V-Pro
xiom v-pro,Xiom-Omega-V-Pro
xiom vpro,Xiom-Omega-V-Pro
xiom v pro,Xiom-Omega-V-Pro
xiom omega v-pro,Xiom-Omega-V-Pro
xiom omega v pro,Xiom-Omega-V-Pro
xiom omega vpro,Xiom-Omega-V-Pro
v-euro,Xiom-Omega-V-Euro
veuro,Xiom-Omega-V-Euro
v euro,Xiom-Omega-V-Euro
omega v-euro,Xiom-Omega-V-Euro
omega v euro,Xiom-Omega-V-Euro
omega veuro,Xiom-Omega-V-Euro
xiom v-euro,Xiom-Omega-V-Euro
xiom veuro,Xiom-Omega-V-Euro
xiom v euro,Xiom-Omega-V-Euro
xiom omega v-euro,Xiom-Omega-V-Euro
xiom omega v euro,Xiom-Omega-V-Euro
xiom omega veuro,Xiom-Omega-V-Euro
v-asia,Xiom-Omega-V-Asia
vasia,Xiom-Omega-V-Asia
v asia,Xiom-Omega-V-Asia
omega v-asia,Xiom-Omega-V-Asia
omega v asia,Xiom-Omega-V-Asia
omega vasia,Xiom-Omega-V-Asia
xiom v-asia,Xiom-Omega-V-Asia
xiom vasia,Xiom-Omega-V-Asia
xiom v asia,Xiom-Omega-V-Asia
xiom omega v-asia,Xiom-Omega-V-Asia
xiom omega v asia,Xiom-Omega-V-Asia
xiom omega vasia,Xiom-Omega-V-Asia
iv-pro,Xiom-Omega-IV-Pro
ivpro,Xiom-Omega-IV-Pro
iv pro,Xiom-Omega-IV-Pro
omega iv-pro,Xiom-Omega-IV-Pro
omega iv pro,Xiom-Omega-IV-Pro
omega ivpro,Xiom-Omega-IV-Pro
xiom iv-pro,Xiom-Omega-IV-Pro
xiom ivpro,Xiom-Omega-IV-Pro
xiom iv pro,Xiom-Omega-IV-Pro
xiom omega iv-pro,Xiom-Omega-IV-Pro
xiom omega iv pro,Xiom-Omega-IV-Pro
xiom omega ivpro,Xiom-Omega-IV-Pro
iv-euro,Xiom-Omega-IV-Euro
iveuro,Xiom-Omega-IV-Euro
iv euro,Xiom-Omega-IV-Euro
omega iv-euro,Xiom-Omega-IV-Euro
omega iv euro,Xiom-Omega-IV-Euro
omega iveuro,Xiom-Omega-IV-Euro
xiom iv-euro,Xiom-Omega-IV-Euro
xiom iveuro,Xiom-Omega-IV-Euro
xiom iv euro,Xiom-Omega-IV-Euro
xiom omega iv-euro,Xiom-Omega-IV-Euro
xiom omega iv euro,Xiom-Omega-IV-Euro
xiom omega iveuro,Xiom-Omega-IV-Euro
iv-elite,Xiom-Omega-IV-Elite
ivelite,Xiom-Omega-IV-Elite
iv elite,Xiom-Omega-IV-Elite
omega iv-elite,Xiom-Omega-IV-Elite
omega iv elite,Xiom-Omega-IV-Elite
omega ivelite,Xiom-Omega-IV-Elite
xiom iv-elite,Xiom-Omega-IV-Elite
xiom ivelite,Xiom-Omega-IV-Elite
xiom iv elite,Xiom-Omega-IV-Elite
xiom omega iv-elite,Xiom-Omega-IV-Elite
xiom omega iv elite,Xiom-Omega-IV-Elite
xiom omega ivelite,Xiom-Omega-IV-Elite
iv-asia,Xiom-Omega-IV-Asia
ivasia,Xiom-Omega-IV-Asia
iv asia,Xiom-Omega-IV-Asia
omega iv-asia,Xiom-Omega-IV-Asia
omega iv asia,Xiom-Omega-IV-Asia
omega ivasia,Xiom-Omega-IV-Asia
xiom iv-asia,Xiom-Omega-IV-Asia
xiom ivasia,Xiom-Omega-IV-Asia
xiom iv asia,Xiom-Omega-IV-Asia
xiom omega iv-asia,Xiom-Omega-IV-Asia
xiom omega iv asia,Xiom-Omega-IV-Asia
xiom omega ivasia,Xiom-Omega-IV-Asia
omega iv,Xiom-Omega-IV
xiom omega iv,Xiom-Omega-IV
china-ying,Xiom-Omega-China-Ying
chinaying,Xiom-Omega-China-Ying
china ying,Xiom-Omega-China-Ying
omega china-ying,Xiom-Omega-China-Ying
omega china ying,Xiom-Omega-China-Ying
omega chinaying,Xiom-Omega-China-Ying
xiom china-ying,Xiom-Omega-China-Ying
xiom chinaying,Xiom-Omega-China-Ying
xiom china ying,Xiom-Omega-China-Ying
xiom omega china-ying,Xiom-Omega-China-Ying
xiom omega china ying,Xiom-Omega-China-Ying
xiom omega chinaying,Xiom-Omega-China-Ying
3-euro,Xiom-Omega-3-Euro
3euro,Xiom-Omega-3-Euro
3 euro,Xiom-Omega-3-Euro
omega 3-euro,Xiom-Omega-3-Euro
omega 3 euro,Xiom-Omega-3-Euro
omega 3euro,Xiom-Omega-3-Euro
o3euro,Xiom-Omega-3-Euro
o3-euro,Xiom-Omega-3-Euro
xiom 3-euro,Xiom-Omega-3-Euro
xiom 3euro,Xiom-Omega-3-Euro
xiom 3 euro,Xiom-Omega-3-Euro
xiom omega 3-euro,Xiom-Omega-3-Euro
xiom omega 3 euro,Xiom-Omega-3-Euro
xiom omega 3euro,Xiom-Omega-3-Euro
xiom o3euro,Xiom-Omega-3-Euro
xiom o3-euro,Xiom-Omega-3-Euro
3-asian,Xiom-Omega-3-Asian
3asian,Xiom-Omega-3-Asian
3 asian,Xiom-Omega-3-Asian
omega 3-asian,Xiom-Omega-3-Asian
omega 3 asian,Xiom-Omega-3-Asian
omega 3asian,Xiom-Omega-3-Asian
o3asian,Xiom-Omega-3-Asian
o3-asian,Xiom-Omega-3-Asian
xiom 3-asian,Xiom-Omega-3-Asian
xiom 3asian,Xiom-Omega-3-Asian
xiom 3 asian,Xiom-Omega-3-Asian
xiom omega 3-asian,Xiom-Omega-3-Asian
xiom omega 3 asian,Xiom-Omega-3-Asian
xiom omega 3asian,Xiom-Omega-3-Asian
xiom o3asian,Xiom-Omega-3-Asian
xiom o3-asian,Xiom-Omega-3-Asian
2-euro,Xiom-Omega-2-Euro
2euro,Xiom-Omega-2-Euro
2 euro,Xiom-Omega-2-Euro
omega 2-euro,Xiom-Omega-2-Euro
omega 2 euro,Xiom-Omega-2-Euro
omega 2euro,Xiom-Omega-2-Euro
o2euro,Xiom-Omega-2-Euro
o2-euro,Xiom-Omega-2-Euro
xiom 2-euro,Xiom-Omega-2-Euro
xiom 2euro,Xiom-Omega-2-Euro
xiom 2 euro,Xiom-Omega-2-Euro
xiom omega 2-euro,Xiom-Omega-2-Euro
xiom omega 2 euro,Xiom-Omega-2-Euro
xiom omega 2euro,Xiom-Omega-2-Euro
xiom o2euro,Xiom-Omega-2-Euro
xiom o2-euro,Xiom-Omega-2-Euro
2-asian,Xiom-Omega-2-Asian
2asian,Xiom-Omega-2-Asian
2 asian,Xiom-Omega-2-Asian
omega 2-asian,Xiom-Omega-2-Asian
omega 2 asian,Xiom-Omega-2-Asian
omega 2asian,Xiom-Omega-2-Asian
o2asian,Xiom-Omega-2-Asian
o2-asian,Xiom-Omega-2-Asian
xiom 2-asian,Xiom-Omega-2-Asian
xiom 2asian,Xiom-Omega-2-Asian
xiom 2 asian,Xiom-Omega-2-Asian
xiom omega 2-asian,Xiom-Omega-2-Asian
xiom omega 2 asian,Xiom-Omega-2-Asian
xiom omega 2asian,Xiom-Omega-2-Asian
xiom o2asian,Xiom-Omega-2-Asian
xiom o2-asian,Xiom-Omega-2-Asian
omega 1-euro,Xiom-Omega-1-Euro
omega 1 euro,Xiom-Omega-1-Euro
omega 1euro,Xiom-Omega-1-Euro
o1euro,Xiom-Omega-1-Euro
o1-euro,Xiom-Omega-1-Euro
xiom omega 1-euro,Xiom-Omega-1-Euro
xiom omega 1 euro,Xiom-Omega-1-Euro
xiom omega 1euro,Xiom-Omega-1-Euro
xiom o1euro,Xiom-Omega-1-Euro
xiom o1-euro,Xiom-Omega-1-Euro
1-asian,Xiom-Omega-1-Asian
1asian,Xiom-Omega-1-Asian
1 asian,Xiom-Omega-1-Asian
omega 1-asian,Xiom-Omega-1-Asian
omega 1 asian,Xiom-Omega-1-Asian
omega 1asian,Xiom-Omega-1-Asian
o1asian,Xiom-Omega-1-Asian
o1-asian,Xiom-Omega-1-Asian
xiom 1-asian,Xiom-Omega-1-Asian
xiom 1asian,Xiom-Omega-1-Asian
xiom 1 asian,Xiom-Omega-1-Asian
xiom omega 1-asian,Xiom-Omega-1-Asian
xiom omega 1 asian,Xiom-Omega-1-Asian
xiom omega 1asian,Xiom-Omega-1-Asian
xiom o1asian,Xiom-Omega-1-Asian
xiom o1-asian,Xiom-Omega-1-Asian
iii-china,Xiom-Musa-III-China
iiichina,Xiom-Musa-III-China
iii china,Xiom-Musa-III-China
musa iii-china,Xiom-Musa-III-China
musa iii china,Xiom-Musa-III-China
musa iiichina,Xiom-Musa-III-China
xiom iii-china,Xiom-Musa-III-China
xiom iiichina,Xiom-Musa-III-China
xiom iii china,Xiom-Musa-III-China
xiom musa iii-china,Xiom-Musa-III-China
xiom musa iii china,Xiom-Musa-III-China
xiom musa iiichina,Xiom-Musa-III-China
musa iii,Xiom-Musa-III
xiom musa iii,Xiom-Musa-III
musa ii,Xiom-Musa-II
xiom musa ii,Xiom-Musa-II
musa 1,Xiom-Musa-1
m1,Donic-Bluefire-M1
musa1,Xiom-Musa-1
xiom musa 1,Xiom-Musa-1
xiom m1,Xiom-Musa-1
xiom musa1,Xiom-Musa-1
musa,Xiom-Musa
xiom musa,Xiom-Musa
max leverage,Xiom-Max-Leverage
xiom max leverage,Xiom-Max-Leverage
volcano,Tibhar-Volcano
tibhar volcano,Tibhar-Volcano
spin-d.tecs,Tibhar-Vari-Spin-D.TecS
spind.tecs,Tibhar-Vari-Spin-D.TecS
spin d.tecs,Tibhar-Vari-Spin-D.TecS
vari spin-d.tecs,Tibhar-Vari-Spin-D.TecS
vari spin d.tecs,Tibhar-Vari-Spin-D.TecS
vari spind.tecs,Tibhar-Vari-Spin-D.TecS
tibhar spin-d.tecs,Tibhar-Vari-Spin-D.TecS
tibhar spind.tecs,Tibhar-Vari-Spin-D.TecS
tibhar spin d.tecs,Tibhar-Vari-Spin-D.TecS
tibhar vari spin-d.tecs,Tibhar-Vari-Spin-D.TecS
tibhar vari spin d.tecs,Tibhar-Vari-Spin-D.TecS
tibhar vari spind.tecs,Tibhar-Vari-Spin-D.TecS
vari spin,Tibhar-Vari-Spin
tibhar vari spin,Tibhar-Vari-Spin
torpedo soft,Tibhar-Torpedo-Soft
tibhar torpedo soft,Tibhar-Torpedo-Soft
torpedo,Tibhar-Torpedo
tibhar torpedo,Tibhar-Torpedo
40-defense,Tibhar-Super-40-Defense
40defense,Tibhar-Super-40-Defense
40 defense,Tibhar-Super-40-Defense
super 40-defense,Tibhar-Super-40-Defense
super 40 defense,Tibhar-Super-40-Defense
super 40defense,Tibhar-Super-40-Defense
s40defense,Tibhar-Super-40-Defense
s40-defense,Tibhar-Super-40-Defense
tibhar 40-defense,Tibhar-Super-40-Defense
tibhar 40defense,Tibhar-Super-40-Defense
tibhar 40 defense,Tibhar-Super-40-Defense
tibhar super 40-defense,Tibhar-Super-40-Defense
tibhar super 40 defense,Tibhar-Super-40-Defense
tibhar super 40defense,Tibhar-Super-40-Defense
tibhar s40defense,Tibhar-Super-40-Defense
tibhar s40-defense,Tibhar-Super-40-Defense
spin-premium,Tibhar-Speedy-Spin-Premium
spinpremium,Tibhar-Speedy-Spin-Premium
spin premium,Tibhar-Speedy-Spin-Premium
speedy spin-premium,Tibhar-Speedy-Spin-Premium
speedy spin premium,Tibhar-Speedy-Spin-Premium
speedy spinpremium,Tibhar-Speedy-Spin-Premium
tibhar spin-premium,Tibhar-Speedy-Spin-Premium
tibhar spinpremium,Tibhar-Speedy-Spin-Premium
tibhar spin premium,Tibhar-Speedy-Spin-Premium
tibhar speedy spin-premium,Tibhar-Speedy-Spin-Premium
tibhar speedy spin premium,Tibhar-Speedy-Spin-Premium
tibhar speedy spinpremium,Tibhar-Speedy-Spin-Premium
speedy spin,Tibhar-Speedy-Spin
tibhar speedy spin,Tibhar-Speedy-Spin
sinus sound,Tibhar-Sinus-Sound
tibhar sinus sound,Tibhar-Sinus-Sound
sinus alpha,Tibhar-Sinus-Alpha
tibhar sinus alpha,Tibhar-Sinus-Alpha
sinus,Tibhar-Sinus
tibhar sinus,Tibhar-Sinus
samurai,Tibhar-Samurai
tibhar samurai,Tibhar-Samurai
rookie d.tecs,Tibhar-Rookie-D.TecS
tibhar rookie d.tecs,Tibhar-Rookie-D.TecS
rapid x-press,Tibhar-Rapid-X-Press
x-press,Tibhar-Phantom-X-Press
xpress,Tibhar-Phantom-X-Press
rapid xpress,Tibhar-Rapid-X-Press
tibhar rapid x-press,Tibhar-Rapid-X-Press
tibhar x-press,Tibhar-Phantom-X-Press
tibhar xpress,Tibhar-Phantom-X-Press
tibhar rapid xpress,Tibhar-Rapid-X-Press
rapid soft,Tibhar-Rapid-Soft
tibhar rapid soft,Tibhar-Rapid-Soft
rapid d.tecs,Tibhar-Rapid-D.TecS
tibhar rapid d.tecs,Tibhar-Rapid-D.TecS
rapid,Tibhar-Rapid
tibhar rapid,Tibhar-Rapid
x-pro,Tibhar-Quantum-X-Pro
xpro,Tibhar-Quantum-X-Pro
x pro,Tibhar-Quantum-X-Pro
quantum x-pro,Tibhar-Quantum-X-Pro
quantum x pro,Tibhar-Quantum-X-Pro
quantum xpro,Tibhar-Quantum-X-Pro
tibhar x-pro,Tibhar-Quantum-X-Pro
tibhar xpro,Tibhar-Quantum-X-Pro
tibhar x pro,Tibhar-Quantum-X-Pro
tibhar quantum x-pro,Tibhar-Quantum-X-Pro
tibhar quantum x pro,Tibhar-Quantum-X-Pro
tibhar quantum xpro,Tibhar-Quantum-X-Pro
quantum x,Tibhar-Quantum-X
tibhar quantum x,Tibhar-Quantum-X
quantum s,Tibhar-Quantum-S
tibhar quantum s,Tibhar-Quantum-S
quantum,Tibhar-Quantum
tibhar quantum,Tibhar-Quantum
primus,Tibhar-Primus
tibhar primus,Tibhar-Primus
phantom x-press,Tibhar-Phantom-X-Press
phantom xpress,Tibhar-Phantom-X-Press
tibhar phantom x-press,Tibhar-Phantom-X-Press
tibhar phantom xpress,Tibhar-Phantom-X-Press
phantom,Tibhar-Phantom
tibhar phantom,Tibhar-Phantom
norm,Tibhar-Norm
tibhar norm,Tibhar-Norm
nimbus vip,Tibhar-Nimbus-VIP
tibhar nimbus vip,Tibhar-Nimbus-VIP
nimbus sound,Tibhar-Nimbus-Sound
tibhar nimbus sound,Tibhar-Nimbus-Sound
nimbus soft,Tibhar-Nimbus-Soft
tibhar nimbus soft,Tibhar-Nimbus-Soft
nimbus medium,Tibhar-Nimbus-Medium
tibhar nimbus medium,Tibhar-Nimbus-Medium
delta-v,Tibhar-Nimbus-Delta-V
deltav,Tibhar-Nimbus-Delta-V
delta v,Tibhar-Nimbus-Delta-V
nimbus delta-v,Tibhar-Nimbus-Delta-V
nimbus delta v,Tibhar-Nimbus-Delta-V
nimbus deltav,Tibhar-Nimbus-Delta-V
tibhar delta-v,Tibhar-Nimbus-Delta-V
tibhar deltav,Tibhar-Nimbus-Delta-V
tibhar delta v,Tibhar-Nimbus-Delta-V
tibhar nimbus delta-v,Tibhar-Nimbus-Delta-V
tibhar nimbus delta v,Tibhar-Nimbus-Delta-V
tibhar nimbus deltav,Tibhar-Nimbus-Delta-V
delta-s,Tibhar-Nimbus-Delta-S
deltas,Tibhar-Nimbus-Delta-S
delta s,Tibhar-Nimbus-Delta-S
nimbus delta-s,Tibhar-Nimbus-Delta-S
nimbus delta s,Tibhar-Nimbus-Delta-S
nimbus deltas,Tibhar-Nimbus-Delta-S
tibhar delta-s,Tibhar-Nimbus-Delta-S
tibhar deltas,Tibhar-Nimbus-Delta-S
tibhar delta s,Tibhar-Nimbus-Delta-S
tibhar nimbus delta-s,Tibhar-Nimbus-Delta-S
tibhar nimbus delta s,Tibhar-Nimbus-Delta-S
tibhar nimbus deltas,Tibhar-Nimbus-Delta-S
nimbus,Tibhar-Nimbus
tibhar nimbus,Tibhar-Nimbus
nianmor soft,Tibhar-Nianmor-Soft
tibhar nianmor soft,Tibhar-Nianmor-Soft
nianmor,Tibhar-Nianmor
tibhar nianmor,Tibhar-Nianmor
mx-k h,Tibhar-MX-K-H
tibhar mx-k h,Tibhar-MX-K-H
mx-k,Tibhar-MX-K
tibhar mx-k,Tibhar-MX-K
makss,Tibhar-Makss
tibhar makss,Tibhar-Makss
legend destroyer,Tibhar-Legend-Destroyer
tibhar legend destroyer,Tibhar-Legend-Destroyer
legend,Tibhar-Legend
tibhar legend,Tibhar-Legend
learn spin,Tibhar-Learn-Spin
tibhar learn spin,Tibhar-Learn-Spin
karisma,Tibhar-Karisma
tibhar karisma,Tibhar-Karisma
hybrid k2,Tibhar-Hybrid-K2
tibhar hybrid k2,Tibhar-Hybrid-K2
k1-plus,Tibhar-Hybrid-K1-Plus
k1plus,Tibhar-Hybrid-K1-Plus
k1 plus,Tibhar-Hybrid-K1-Plus
hybrid k1-plus,Tibhar-Hybrid-K1-Plus
hybrid k1 plus,Tibhar-Hybrid-K1-Plus
hybrid k1plus,Tibhar-Hybrid-K1-Plus
tibhar k1-plus,Tibhar-Hybrid-K1-Plus
tibhar k1plus,Tibhar-Hybrid-K1-Plus
tibhar k1 plus,Tibhar-Hybrid-K1-Plus
tibhar hybrid k1-plus,Tibhar-Hybrid-K1-Plus
tibhar hybrid k1 plus,Tibhar-Hybrid-K1-Plus
tibhar hybrid k1plus,Tibhar-Hybrid-K1-Plus
hybrid k1,Tibhar-Hybrid-K1
tibhar hybrid k1,Tibhar-Hybrid-K1
europe-soft,Tibhar-Grip-S-Europe-Soft
europesoft,Tibhar-Grip-S-Europe-Soft
europe soft,Tibhar-Grip-S-Europe-Soft
grip-s europe-soft,Tibhar-Grip-S-Europe-Soft
grip-s europe soft,Tibhar-Grip-S-Europe-Soft
grip-s europesoft,Tibhar-Grip-S-Europe-Soft
tibhar europe-soft,Tibhar-Grip-S-Europe-Soft
tibhar europesoft,Tibhar-Grip-S-Europe-Soft
tibhar europe soft,Tibhar-Grip-S-Europe-Soft
tibhar grip-s europe-soft,Tibhar-Grip-S-Europe-Soft
tibhar grip-s europe soft,Tibhar-Grip-S-Europe-Soft
tibhar grip-s europesoft,Tibhar-Grip-S-Europe-Soft
grip-s europe,Tibhar-Grip-S-Europe
tibhar grip-s europe,Tibhar-Grip-S-Europe
grip-s,Tibhar-Grip-S
tibhar grip-s,Tibhar-Grip-S
optimum-sound,Tibhar-Genius+-Optimum-Sound
optimumsound,Tibhar-Genius+-Optimum-Sound
optimum sound,Tibhar-Genius+-Optimum-Sound
genius+ optimum-sound,Tibhar-Genius+-Optimum-Sound
genius+ optimum sound,Tibhar-Genius+-Optimum-Sound
genius+ optimumsound,Tibhar-Genius+-Optimum-Sound
tibhar optimum-sound,Tibhar-Genius+-Optimum-Sound
tibhar optimumsound,Tibhar-Genius+-Optimum-Sound
tibhar optimum sound,Tibhar-Genius+-Optimum-Sound
tibhar genius+ optimum-sound,Tibhar-Genius+-Optimum-Sound
tibhar genius+ optimum sound,Tibhar-Genius+-Optimum-Sound
tibhar genius+ optimumsound,Tibhar-Genius+-Optimum-Sound
genius+ optimum,Tibhar-Genius+-Optimum
tibhar genius+ optimum,Tibhar-Genius+-Optimum
genius supreme,Tibhar-Genius-Supreme
tibhar genius supreme,Tibhar-Genius-Supreme
genius sound,Tibhar-Genius-Sound
tibhar genius sound,Tibhar-Genius-Sound
genius,Tibhar-Genius
tibhar genius,Tibhar-Genius
evolution mx-s,Tibhar-Evolution-MX-S
mx-s,Tibhar-Evolution-MX-S
mxs,Tibhar-Evolution-MX-S
evolution mxs,Tibhar-Evolution-MX-S
tibhar evolution mx-s,Tibhar-Evolution-MX-S
tibhar mx-s,Tibhar-Evolution-MX-S
tibhar mxs,Tibhar-Evolution-MX-S
tibhar evolution mxs,Tibhar-Evolution-MX-S
mx-p-50,Tibhar-Evolution-MX-P-50
mx-p50,Tibhar-Evolution-MX-P-50
mx-p 50,Tibhar-Evolution-MX-P-50
evolution mx-p-50,Tibhar-Evolution-MX-P-50
evolution mx-p 50,Tibhar-Evolution-MX-P-50
evolution mx-p50,Tibhar-Evolution-MX-P-50
tibhar mx-p-50,Tibhar-Evolution-MX-P-50
tibhar mx-p50,Tibhar-Evolution-MX-P-50
tibhar mx-p 50,Tibhar-Evolution-MX-P-50
tibhar evolution mx-p-50,Tibhar-Evolution-MX-P-50
tibhar evolution mx-p 50,Tibhar-Evolution-MX-P-50
tibhar evolution mx-p50,Tibhar-Evolution-MX-P-50
evolution mx-p,Tibhar-Evolution-MX-P
mx-p,Tibhar-Evolution-MX-P
mxp,Tibhar-Evolution-MX-P
evolution mxp,Tibhar-Evolution-MX-P
tibhar evolution mx-p,Tibhar-Evolution-MX-P
tibhar mx-p,Tibhar-Evolution-MX-P
tibhar mxp,Tibhar-Evolution-MX-P
tibhar evolution mxp,Tibhar-Evolution-MX-P
evolution fx-s,Tibhar-Evolution-FX-S
fx-s,Tibhar-Evolution-FX-S
fxs,Tibhar-Evolution-FX-S
evolution fxs,Tibhar-Evolution-FX-S
tibhar evolution fx-s,Tibhar-Evolution-FX-S
tibhar fx-s,Tibhar-Evolution-FX-S
tibhar fxs,Tibhar-Evolution-FX-S
tibhar evolution fxs,Tibhar-Evolution-FX-S
evolution fx-p,Tibhar-Evolution-FX-P
fx-p,Tibhar-Evolution-FX-P
fxp,Tibhar-Evolution-FX-P
evolution fxp,Tibhar-Evolution-FX-P
tibhar evolution fx-p,Tibhar-Evolution-FX-P
tibhar fx-p,Tibhar-Evolution-FX-P
tibhar fxp,Tibhar-Evolution-FX-P
tibhar evolution fxp,Tibhar-Evolution-FX-P
evolution el-s,Tibhar-Evolution-EL-S
el-s,Tibhar-Evolution-EL-S
els,Tibhar-Evolution-EL-S
evolution els,Tibhar-Evolution-EL-S
tibhar evolution el-s,Tibhar-Evolution-EL-S
tibhar el-s,Tibhar-Evolution-EL-S
tibhar els,Tibhar-Evolution-EL-S
tibhar evolution els,Tibhar-Evolution-EL-S
evolution el-p,Tibhar-Evolution-EL-P
el-p,Tibhar-Evolution-EL-P
elp,Tibhar-Evolution-EL-P
evolution elp,Tibhar-Evolution-EL-P
tibhar evolution el-p,Tibhar-Evolution-EL-P
tibhar el-p,Tibhar-Evolution-EL-P
tibhar elp,Tibhar-Evolution-EL-P
tibhar evolution elp,Tibhar-Evolution-EL-P
ellen,Tibhar-Ellen
tibhar ellen,Tibhar-Ellen
bungee,Tibhar-Bungee
tibhar bungee,Tibhar-Bungee
aurus tc-1,Tibhar-Aurus-TC-1
tc-1,Tibhar-Aurus-TC-1
tc1,Tibhar-Aurus-TC-1
aurus tc1,Tibhar-Aurus-TC-1
tibhar aurus tc-1,Tibhar-Aurus-TC-1
tibhar tc-1,Tibhar-Aurus-TC-1
tibhar tc1,Tibhar-Aurus-TC-1
tibhar aurus tc1,Tibhar-Aurus-TC-1
aurus sound,Tibhar-Aurus-Sound
tibhar aurus sound,Tibhar-Aurus-Sound
aurus soft,Tibhar-Aurus-Soft
tibhar aurus soft,Tibhar-Aurus-Soft
aurus select,Tibhar-Aurus-Select
tibhar aurus select,Tibhar-Aurus-Select
aurus prime,Tibhar-Aurus-Prime
tibhar aurus prime,Tibhar-Aurus-Prime
aurus,Tibhar-Aurus
tibhar aurus,Tibhar-Aurus
5q vip,Tibhar-5Q-VIP
tibhar 5q vip,Tibhar-5Q-VIP
5q update,Tibhar-5Q-Update
tibhar 5q update,Tibhar-5Q-Update
5q sound,Tibhar-5Q-Sound
tibhar 5q sound,Tibhar-5Q-Sound
5q,Tibhar-5Q
tibhar 5q,Tibhar-5Q
1q xd,Tibhar-1Q-XD
tibhar 1q xd,Tibhar-1Q-XD
1q sound,Tibhar-1Q-Sound
tibhar 1q sound,Tibhar-1Q-Sound
1q,Tibhar-1Q
tibhar 1q,Tibhar-1Q
regal-challenge,Three-Sword-Regal-Challenge
regalchallenge,Three-Sword-Regal-Challenge
regal challenge,Three-Sword-Regal-Challenge
sword regal-challenge,Three-Sword-Regal-Challenge
sword regal challenge,Three-Sword-Regal-Challenge
sword regalchallenge,Three-Sword-Regal-Challenge
three regal-challenge,Three-Sword-Regal-Challenge
three regalchallenge,Three-Sword-Regal-Challenge
three regal challenge,Three-Sword-Regal-Challenge
three sword regal-challenge,Three-Sword-Regal-Challenge
three sword regal challenge,Three-Sword-Regal-Challenge
three sword regalchallenge,Three-Sword-Regal-Challenge
red-dragon,Three-Sword-Red-Dragon
reddragon,Three-Sword-Red-Dragon
red dragon,Three-Sword-Red-Dragon
sword red-dragon,Three-Sword-Red-Dragon
sword red dragon,Three-Sword-Red-Dragon
sword reddragon,Three-Sword-Red-Dragon
three red-dragon,Three-Sword-Red-Dragon
three reddragon,Three-Sword-Red-Dragon
three red dragon,Three-Sword-Red-Dragon
three sword red-dragon,Three-Sword-Red-Dragon
three sword red dragon,Three-Sword-Red-Dragon
three sword reddragon,Three-Sword-Red-Dragon
vaporizer,Stiga-Vaporizer
stiga vaporizer,Stiga-Vaporizer
power lt,Stiga-Power-LT
stiga power lt,Stiga-Power-LT
optimum mp,Stiga-Optimum-MP
stiga optimum mp,Stiga-Optimum-MP
neos tacky,Stiga-Neos-Tacky
stiga neos tacky,Stiga-Neos-Tacky
neos synergytech,Stiga-Neos-SynergyTech
stiga neos synergytech,Stiga-Neos-SynergyTech
sound-synergytech,Stiga-Almana-Sound-SynergyTech
soundsynergytech,Stiga-Almana-Sound-SynergyTech
sound synergytech,Stiga-Almana-Sound-SynergyTech
neos sound-synergytech,Stiga-Neos-Sound-SynergyTech
neos sound synergytech,Stiga-Neos-Sound-SynergyTech
neos soundsynergytech,Stiga-Neos-Sound-SynergyTech
stiga sound-synergytech,Stiga-Almana-Sound-SynergyTech
stiga soundsynergytech,Stiga-Almana-Sound-SynergyTech
stiga sound synergytech,Stiga-Almana-Sound-SynergyTech
stiga neos sound-synergytech,Stiga-Neos-Sound-SynergyTech
stiga neos sound synergytech,Stiga-Neos-Sound-SynergyTech
stiga neos soundsynergytech,Stiga-Neos-Sound-SynergyTech
neos sound,Stiga-Neos-Sound
stiga neos sound,Stiga-Neos-Sound
neos,Stiga-Neos
stiga neos,Stiga-Neos
mendo mp,Stiga-Mendo-MP
stiga mendo mp,Stiga-Mendo-MP
mendo energy,Stiga-Mendo-Energy
stiga mendo energy,Stiga-Mendo-Energy
mendo,Stiga-Mendo
stiga mendo,Stiga-Mendo
mantra s,Stiga-Mantra-S
stiga mantra s,Stiga-Mantra-S
mantra m,Stiga-Mantra-M
stiga mantra m,Stiga-Mantra-M
mantra h,Stiga-Mantra-H
stiga mantra h,Stiga-Mantra-H
magna tx,Stiga-Magna-TX
stiga magna tx,Stiga-Magna-TX
magna,Stiga-Magna
stiga magna,Stiga-Magna
ultra-light,Stiga-Innova-Ultra-Light
ultralight,Stiga-Innova-Ultra-Light
ultra light,Stiga-Innova-Ultra-Light
innova ultra-light,Stiga-Innova-Ultra-Light
innova ultra light,Stiga-Innova-Ultra-Light
innova ultralight,Stiga-Innova-Ultra-Light
stiga ultra-light,Stiga-Innova-Ultra-Light
stiga ultralight,Stiga-Innova-Ultra-Light
stiga ultra light,Stiga-Innova-Ultra-Light
stiga innova ultra-light,Stiga-Innova-Ultra-Light
stiga innova ultra light,Stiga-Innova-Ultra-Light
stiga innova ultralight,Stiga-Innova-Ultra-Light
innova premium,Stiga-Innova-Premium
stiga innova premium,Stiga-Innova-Premium
innova,Stiga-Innova
stiga innova,Stiga-Innova
genesis s,Stiga-Genesis-S
stiga genesis s,Stiga-Genesis-S
genesis m,Stiga-Genesis-M
stiga genesis m,Stiga-Genesis-M
ii-s,Stiga-Genesis-II-S
iis,Stiga-Genesis-II-S
ii s,Stiga-Genesis-II-S
genesis ii-s,Stiga-Genesis-II-S
genesis ii s,Stiga-Genesis-II-S
genesis iis,Stiga-Genesis-II-S
stiga ii-s,Stiga-Genesis-II-S
stiga iis,Stiga-Genesis-II-S
stiga ii s,Stiga-Genesis-II-S
stiga genesis ii-s,Stiga-Genesis-II-S
stiga genesis ii s,Stiga-Genesis-II-S
stiga genesis iis,Stiga-Genesis-II-S
ii-m,Stiga-Genesis-II-M
iim,Stiga-Genesis-II-M
ii m,Stiga-Genesis-II-M
genesis ii-m,Stiga-Genesis-II-M
genesis ii m,Stiga-Genesis-II-M
genesis iim,Stiga-Genesis-II-M
stiga ii-m,Stiga-Genesis-II-M
stiga iim,Stiga-Genesis-II-M
stiga ii m,Stiga-Genesis-II-M
stiga genesis ii-m,Stiga-Genesis-II-M
stiga genesis ii m,Stiga-Genesis-II-M
stiga genesis iim,Stiga-Genesis-II-M
evo,Stiga-Evo
stiga evo,Stiga-Evo
absorber-(anti-spin),Stiga-Energy-Absorber-(Anti-spin)
absorber(anti-spin),Stiga-Energy-Absorber-(Anti-spin)
absorber (anti-spin),Stiga-Energy-Absorber-(Anti-spin)
energy absorber-(anti-spin),Stiga-Energy-Absorber-(Anti-spin)
energy absorber (anti-spin),Stiga-Energy-Absorber-(Anti-spin)
energy absorber(anti-spin),Stiga-Energy-Absorber-(Anti-spin)
stiga absorber-(anti-spin),Stiga-Energy-Absorber-(Anti-spin)
stiga absorber(anti-spin),Stiga-Energy-Absorber-(Anti-spin)
stiga absorber (anti-spin),Stiga-Energy-Absorber-(Anti-spin)
stiga energy absorber-(anti-spin),Stiga-Energy-Absorber-(Anti-spin)
stiga energy absorber (anti-spin),Stiga-Energy-Absorber-(Anti-spin)
stiga energy absorber(anti-spin),Stiga-Energy-Absorber-(Anti-spin)
pro-s,Stiga-DNA-Pro-S
pros,Stiga-DNA-Pro-S
pro s,Stiga-DNA-Pro-S
dna pro-s,Stiga-DNA-Pro-S
dna pro s,Stiga-DNA-Pro-S
dna pros,Stiga-DNA-Pro-S
stiga pro-s,Stiga-DNA-Pro-S
stiga pros,Stiga-DNA-Pro-S
stiga pro s,Stiga-DNA-Pro-S
stiga dna pro-s,Stiga-DNA-Pro-S
stiga dna pro s,Stiga-DNA-Pro-S
stiga dna pros,Stiga-DNA-Pro-S
pro-m,Stiga-DNA-Pro-M
prom,Stiga-DNA-Pro-M
pro m,Stiga-DNA-Pro-M
dna pro-m,Stiga-DNA-Pro-M
dna pro m,Stiga-DNA-Pro-M
dna prom,Stiga-DNA-Pro-M
stiga pro-m,Stiga-DNA-Pro-M
stiga prom,Stiga-DNA-Pro-M
stiga pro m,Stiga-DNA-Pro-M
stiga dna pro-m,Stiga-DNA-Pro-M
stiga dna pro m,Stiga-DNA-Pro-M
stiga dna prom,Stiga-DNA-Pro-M
pro-h,Stiga-DNA-Pro-H
proh,Stiga-DNA-Pro-H
pro h,Stiga-DNA-Pro-H
dna pro-h,Stiga-DNA-Pro-H
dna pro h,Stiga-DNA-Pro-H
dna proh,Stiga-DNA-Pro-H
stiga pro-h,Stiga-DNA-Pro-H
stiga proh,Stiga-DNA-Pro-H
stiga pro h,Stiga-DNA-Pro-H
stiga dna pro-h,Stiga-DNA-Pro-H
stiga dna pro h,Stiga-DNA-Pro-H
stiga dna proh,Stiga-DNA-Pro-H
future-m,Stiga-DNA-Future-M
futurem,Stiga-DNA-Future-M
future m,Stiga-DNA-Future-M
dna future-m,Stiga-DNA-Future-M
dna future m,Stiga-DNA-Future-M
dna futurem,Stiga-DNA-Future-M
stiga future-m,Stiga-DNA-Future-M
stiga futurem,Stiga-DNA-Future-M
stiga future m,Stiga-DNA-Future-M
stiga dna future-m,Stiga-DNA-Future-M
stiga dna future m,Stiga-DNA-Future-M
stiga dna futurem,Stiga-DNA-Future-M
cobra 2000,Stiga-Cobra-2000
c2000,Stiga-Cobra-2000
cobra2000,Stiga-Cobra-2000
stiga cobra 2000,Stiga-Cobra-2000
stiga c2000,Stiga-Cobra-2000
stiga cobra2000,Stiga-Cobra-2000
&-drive,Stiga-Chop-&-Drive
&drive,Stiga-Chop-&-Drive
& drive,Stiga-Chop-&-Drive
chop &-drive,Stiga-Chop-&-Drive
chop & drive,Stiga-Chop-&-Drive
chop &drive,Stiga-Chop-&-Drive
stiga &-drive,Stiga-Chop-&-Drive
stiga &drive,Stiga-Chop-&-Drive
stiga & drive,Stiga-Chop-&-Drive
stiga chop &-drive,Stiga-Chop-&-Drive
stiga chop & drive,Stiga-Chop-&-Drive
stiga chop &drive,Stiga-Chop-&-Drive
china extreme,Stiga-China-Extreme
stiga china extreme,Stiga-China-Extreme
carbo sound,Stiga-Carbo-Sound
stiga carbo sound,Stiga-Carbo-Sound
carbo mc,Stiga-Carbo-MC
stiga carbo mc,Stiga-Carbo-MC
carbo,Stiga-Carbo
stiga carbo,Stiga-Carbo
tour-s,Stiga-Calibra-Tour-S
tours,Stiga-Calibra-Tour-S
tour s,Stiga-Calibra-Tour-S
calibra tour-s,Stiga-Calibra-Tour-S
calibra tour s,Stiga-Calibra-Tour-S
calibra tours,Stiga-Calibra-Tour-S
stiga tour-s,Stiga-Calibra-Tour-S
stiga tours,Stiga-Calibra-Tour-S
stiga tour s,Stiga-Calibra-Tour-S
stiga calibra tour-s,Stiga-Calibra-Tour-S
stiga calibra tour s,Stiga-Calibra-Tour-S
stiga calibra tours,Stiga-Calibra-Tour-S
tour-m,Stiga-Calibra-Tour-M
tourm,Stiga-Calibra-Tour-M
tour m,Stiga-Calibra-Tour-M
calibra tour-m,Stiga-Calibra-Tour-M
calibra tour m,Stiga-Calibra-Tour-M
calibra tourm,Stiga-Calibra-Tour-M
stiga tour-m,Stiga-Calibra-Tour-M
stiga tourm,Stiga-Calibra-Tour-M
stiga tour m,Stiga-Calibra-Tour-M
stiga calibra tour-m,Stiga-Calibra-Tour-M
stiga calibra tour m,Stiga-Calibra-Tour-M
stiga calibra tourm,Stiga-Calibra-Tour-M
tour-h,Stiga-Calibra-Tour-H
tourh,Stiga-Calibra-Tour-H
tour h,Stiga-Calibra-Tour-H
calibra tour-h,Stiga-Calibra-Tour-H
calibra tour h,Stiga-Calibra-Tour-H
calibra tourh,Stiga-Calibra-Tour-H
stiga tour-h,Stiga-Calibra-Tour-H
stiga tourh,Stiga-Calibra-Tour-H
stiga tour h,Stiga-Calibra-Tour-H
stiga calibra tour-h,Stiga-Calibra-Tour-H
stiga calibra tour h,Stiga-Calibra-Tour-H
stiga calibra tourh,Stiga-Calibra-Tour-H
lt-spin,Stiga-Calibra-LT-Spin
ltspin,Stiga-Calibra-LT-Spin
lt spin,Stiga-Calibra-LT-Spin
calibra lt-spin,Stiga-Calibra-LT-Spin
calibra lt spin,Stiga-Calibra-LT-Spin
calibra ltspin,Stiga-Calibra-LT-Spin
stiga lt-spin,Stiga-Calibra-LT-Spin
stiga ltspin,Stiga-Calibra-LT-Spin
stiga lt spin,Stiga-Calibra-LT-Spin
stiga calibra lt-spin,Stiga-Calibra-LT-Spin
stiga calibra lt spin,Stiga-Calibra-LT-Spin
stiga calibra ltspin,Stiga-Calibra-LT-Spin
lt-sound,Stiga-Calibra-LT-Sound
ltsound,Stiga-Calibra-LT-Sound
lt sound,Stiga-Calibra-LT-Sound
calibra lt-sound,Stiga-Calibra-LT-Sound
calibra lt sound,Stiga-Calibra-LT-Sound
calibra ltsound,Stiga-Calibra-LT-Sound
stiga lt-sound,Stiga-Calibra-LT-Sound
stiga ltsound,Stiga-Calibra-LT-Sound
stiga lt sound,Stiga-Calibra-LT-Sound
stiga calibra lt-sound,Stiga-Calibra-LT-Sound
stiga calibra lt sound,Stiga-Calibra-LT-Sound
stiga calibra ltsound,Stiga-Calibra-LT-Sound
lt-plus,Stiga-Calibra-LT-Plus
ltplus,Stiga-Calibra-LT-Plus
lt plus,Stiga-Calibra-LT-Plus
calibra lt-plus,Stiga-Calibra-LT-Plus
calibra lt plus,Stiga-Calibra-LT-Plus
calibra ltplus,Stiga-Calibra-LT-Plus
stiga lt-plus,Stiga-Calibra-LT-Plus
stiga ltplus,Stiga-Calibra-LT-Plus
stiga lt plus,Stiga-Calibra-LT-Plus
stiga calibra lt-plus,Stiga-Calibra-LT-Plus
stiga calibra lt plus,Stiga-Calibra-LT-Plus
stiga calibra ltplus,Stiga-Calibra-LT-Plus
calibra lt,Stiga-Calibra-LT
stiga calibra lt,Stiga-Calibra-LT
boost tx,Stiga-Boost-TX
stiga boost tx,Stiga-Boost-TX
boost ts,Stiga-Boost-TS
stiga boost ts,Stiga-Boost-TS
boost tp,Stiga-Boost-TP
stiga boost tp,Stiga-Boost-TP
boost tc,Stiga-Boost-TC
stiga boost tc,Stiga-Boost-TC
almana sound-synergytech,Stiga-Almana-Sound-SynergyTech
almana sound synergytech,Stiga-Almana-Sound-SynergyTech
almana soundsynergytech,Stiga-Almana-Sound-SynergyTech
stiga almana sound-synergytech,Stiga-Almana-Sound-SynergyTech
stiga almana sound synergytech,Stiga-Almana-Sound-SynergyTech
stiga almana soundsynergytech,Stiga-Almana-Sound-SynergyTech
almana sound,Stiga-Almana-Sound
stiga almana sound,Stiga-Almana-Sound
almana,Stiga-Almana
stiga almana,Stiga-Almana
airoc s,Stiga-Airoc-S
stiga airoc s,Stiga-Airoc-S
airoc m,Stiga-Airoc-M
stiga airoc m,Stiga-Airoc-M
astro-s,Stiga-Airoc-Astro-S
astros,Stiga-Airoc-Astro-S
astro s,Stiga-Airoc-Astro-S
airoc astro-s,Stiga-Airoc-Astro-S
airoc astro s,Stiga-Airoc-Astro-S
airoc astros,Stiga-Airoc-Astro-S
stiga astro-s,Stiga-Airoc-Astro-S
stiga astros,Stiga-Airoc-Astro-S
stiga astro s,Stiga-Airoc-Astro-S
stiga airoc astro-s,Stiga-Airoc-Astro-S
stiga airoc astro s,Stiga-Airoc-Astro-S
stiga airoc astros,Stiga-Airoc-Astro-S
astro-m,Stiga-Airoc-Astro-M
astrom,Stiga-Airoc-Astro-M
astro m,Stiga-Airoc-Astro-M
airoc astro-m,Stiga-Airoc-Astro-M
airoc astro m,Stiga-Airoc-Astro-M
airoc astrom,Stiga-Airoc-Astro-M
stiga astro-m,Stiga-Airoc-Astro-M
stiga astrom,Stiga-Airoc-Astro-M
stiga astro m,Stiga-Airoc-Astro-M
stiga airoc astro-m,Stiga-Airoc-Astro-M
stiga airoc astro m,Stiga-Airoc-Astro-M
stiga airoc astrom,Stiga-Airoc-Astro-M
ultraspin t88,Sanwei-Ultraspin-T88
sanwei ultraspin t88,Sanwei-Ultraspin-T88
target provincial,Sanwei-Target-Provincial
sanwei target provincial,Sanwei-Target-Provincial
pro-blue,Sanwei-Target-Pro-Blue
problue,Sanwei-Target-Pro-Blue
pro blue,Sanwei-Target-Pro-Blue
target pro-blue,Sanwei-Target-Pro-Blue
target pro blue,Sanwei-Target-Pro-Blue
target problue,Sanwei-Target-Pro-Blue
sanwei pro-blue,Sanwei-Target-Pro-Blue
sanwei problue,Sanwei-Target-Pro-Blue
sanwei pro blue,Sanwei-Target-Pro-Blue
sanwei target pro-blue,Sanwei-Target-Pro-Blue
sanwei target pro blue,Sanwei-Target-Pro-Blue
sanwei target problue,Sanwei-Target-Pro-Blue
target national,Sanwei-Target-National
sanwei target national,Sanwei-Target-National
europe-40+,Sanwei-Target-Europe-40+
europe40+,Sanwei-Target-Europe-40+
europe 40+,Sanwei-Target-Europe-40+
target europe-40+,Sanwei-Target-Europe-40+
target europe 40+,Sanwei-Target-Europe-40+
target europe40+,Sanwei-Target-Europe-40+
sanwei europe-40+,Sanwei-Target-Europe-40+
sanwei europe40+,Sanwei-Target-Europe-40+
sanwei europe 40+,Sanwei-Target-Europe-40+
sanwei target europe-40+,Sanwei-Target-Europe-40+
sanwei target europe 40+,Sanwei-Target-Europe-40+
sanwei target europe40+,Sanwei-Target-Europe-40+
target 90,Sanwei-Target-90
t90,Sanwei-Target-90
target90,Sanwei-Target-90
sanwei target 90,Sanwei-Target-90
sanwei t90,Sanwei-Target-90
sanwei target90,Sanwei-Target-90
target,Sanwei-Target
sanwei target,Sanwei-Target
taiji plus,Sanwei-Taiji-Plus
sanwei taiji plus,Sanwei-Taiji-Plus
t88-iii 2,Sanwei-T88-III-2
t2,Sanwei-T88-III-2
t88-iii2,Sanwei-T88-III-2
sanwei t88-iii 2,Sanwei-T88-III-2
sanwei t2,Sanwei-T88-III-2
sanwei t88-iii2,Sanwei-T88-III-2
t88-iii,Sanwei-T88-III
sanwei t88-iii,Sanwei-T88-III
t88-ii,Sanwei-T88-II
sanwei t88-ii,Sanwei-T88-II
t88-i light,Sanwei-T88-I-Light
sanwei t88-i light,Sanwei-T88-I-Light
t88-i,Sanwei-T88-I
sanwei t88-i,Sanwei-T88-I
t88 taiji,Sanwei-T88-TAIJI
sanwei t88 taiji,Sanwei-T88-TAIJI
t88,Sanwei-T88
sanwei t88,Sanwei-T88
zack,JOOLA-Zack
joola zack,JOOLA-Zack
x-plode sensitive,JOOLA-X-Plode-Sensitive
joola x-plode sensitive,JOOLA-X-Plode-Sensitive
x-plode,JOOLA-X-Plode
joola x-plode,JOOLA-X-Plode
upp,JOOLA-Upp
joola upp,JOOLA-Upp
timeless (anti-spin),JOOLA-Timeless-(Anti-spin)
(anti-spin),JOOLA-Timeless-(Anti-spin)
(antispin),JOOLA-Timeless-(Anti-spin)
timeless (antispin),JOOLA-Timeless-(Anti-spin)
joola timeless (anti-spin),JOOLA-Timeless-(Anti-spin)
joola (anti-spin),JOOLA-Timeless-(Anti-spin)
joola (antispin),JOOLA-Timeless-(Anti-spin)
joola timeless (antispin),JOOLA-Timeless-(Anti-spin)
terminator,JOOLA-Terminator
joola terminator,JOOLA-Terminator
tango ultra,JOOLA-Tango-Ultra
joola tango ultra,JOOLA-Tango-Ultra
tango golden,JOOLA-Tango-Golden
joola tango golden,JOOLA-Tango-Golden
tango extrem,JOOLA-Tango-Extrem
joola tango extrem,JOOLA-Tango-Extrem
tango defensive,JOOLA-Tango-Defensive
joola tango defensive,JOOLA-Tango-Defensive
tango,JOOLA-Tango
joola tango,JOOLA-Tango
spring thunder,JOOLA-Spring-Thunder
joola spring thunder,JOOLA-Spring-Thunder
samba+,JOOLA-Samba+
joola samba+,JOOLA-Samba+
samba tech,JOOLA-Samba-Tech
joola samba tech,JOOLA-Samba-Tech
samba ntec,JOOLA-Samba-NTEC
joola samba ntec,JOOLA-Samba-NTEC
samba klick,JOOLA-Samba-Klick
joola samba klick,JOOLA-Samba-Klick
samba 27,JOOLA-Samba-27
s27,JOOLA-Samba-27
samba27,JOOLA-Samba-27
joola samba 27,JOOLA-Samba-27
joola s27,JOOLA-Samba-27
joola samba27,JOOLA-Samba-27
samba 19,JOOLA-Samba-19
s19,JOOLA-Samba-19
samba19,JOOLA-Samba-19
joola samba 19,JOOLA-Samba-19
joola s19,JOOLA-Samba-19
joola samba19,JOOLA-Samba-19
samba,JOOLA-Samba
joola samba,JOOLA-Samba
rhyzm-p,JOOLA-Rhyzm-P
joola rhyzm-p,JOOLA-Rhyzm-P
rhyzm tech,JOOLA-Rhyzm-Tech
joola rhyzm tech,JOOLA-Rhyzm-Tech
rhyzm 425,JOOLA-Rhyzm-425
r425,JOOLA-Rhyzm-425
rhyzm425,JOOLA-Rhyzm-425
joola rhyzm 425,JOOLA-Rhyzm-425
joola r425,JOOLA-Rhyzm-425
joola rhyzm425,JOOLA-Rhyzm-425
rhyzm 375,JOOLA-Rhyzm-375
r375,JOOLA-Rhyzm-375
rhyzm375,JOOLA-Rhyzm-375
joola rhyzm 375,JOOLA-Rhyzm-375
joola r375,JOOLA-Rhyzm-375
joola rhyzm375,JOOLA-Rhyzm-375
rhyzm,JOOLA-Rhyzm
joola rhyzm,JOOLA-Rhyzm
pro-50,JOOLA-Rhyzer-Pro-50
pro50,JOOLA-Rhyzer-Pro-50
pro 50,JOOLA-Rhyzer-Pro-50
rhyzer pro-50,JOOLA-Rhyzer-Pro-50
rhyzer pro 50,JOOLA-Rhyzer-Pro-50
rhyzer pro50,JOOLA-Rhyzer-Pro-50
joola pro-50,JOOLA-Rhyzer-Pro-50
joola pro50,JOOLA-Rhyzer-Pro-50
joola pro 50,JOOLA-Rhyzer-Pro-50
joola rhyzer pro-50,JOOLA-Rhyzer-Pro-50
joola rhyzer pro 50,JOOLA-Rhyzer-Pro-50
joola rhyzer pro50,JOOLA-Rhyzer-Pro-50
pro-45,JOOLA-Rhyzer-Pro-45
pro45,JOOLA-Rhyzer-Pro-45
pro 45,JOOLA-Rhyzer-Pro-45
rhyzer pro-45,JOOLA-Rhyzer-Pro-45
rhyzer pro 45,JOOLA-Rhyzer-Pro-45
rhyzer pro45,JOOLA-Rhyzer-Pro-45
joola pro-45,JOOLA-Rhyzer-Pro-45
joola pro45,JOOLA-Rhyzer-Pro-45
joola pro 45,JOOLA-Rhyzer-Pro-45
joola rhyzer pro-45,JOOLA-Rhyzer-Pro-45
joola rhyzer pro 45,JOOLA-Rhyzer-Pro-45
joola rhyzer pro45,JOOLA-Rhyzer-Pro-45
rhyzer 48,JOOLA-Rhyzer-48
r48,JOOLA-Rhyzer-48
rhyzer48,JOOLA-Rhyzer-48
joola rhyzer 48,JOOLA-Rhyzer-48
joola r48,JOOLA-Rhyzer-48
joola rhyzer48,JOOLA-Rhyzer-48
rhyzer 43,JOOLA-Rhyzer-43
r43,JOOLA-Rhyzer-43
rhyzer43,JOOLA-Rhyzer-43
joola rhyzer 43,JOOLA-Rhyzer-43
joola r43,JOOLA-Rhyzer-43
joola rhyzer43,JOOLA-Rhyzer-43
phenix 48,JOOLA-Phenix-48
p48,JOOLA-Phenix-48
phenix48,JOOLA-Phenix-48
joola phenix 48,JOOLA-Phenix-48
joola p48,JOOLA-Phenix-48
joola phenix48,JOOLA-Phenix-48
phenix (phoenix),JOOLA-Phenix-(Phoenix)
joola phenix (phoenix),JOOLA-Phenix-(Phoenix)
orbit icu,JOOLA-Orbit-ICU
joola orbit icu,JOOLA-Orbit-ICU
novic,JOOLA-Novic
joola novic,JOOLA-Novic
moskito s35,JOOLA-Moskito-S35
joola moskito s35,JOOLA-Moskito-S35
moskito m40,JOOLA-Moskito-M40
joola moskito m40,JOOLA-Moskito-M40
moskito,JOOLA-Moskito
joola moskito,JOOLA-Moskito
maxxx-p,JOOLA-MAXXX-P
joola maxxx-p,JOOLA-MAXXX-P
maxxx 500,JOOLA-Maxxx-500
m500,JOOLA-Maxxx-500
maxxx500,JOOLA-Maxxx-500
joola maxxx 500,JOOLA-Maxxx-500
joola m500,JOOLA-Maxxx-500
joola maxxx500,JOOLA-Maxxx-500
maxxx 450,JOOLA-Maxxx-450
m450,JOOLA-Maxxx-450
maxxx450,JOOLA-Maxxx-450
joola maxxx 450,JOOLA-Maxxx-450
joola m450,JOOLA-Maxxx-450
joola maxxx450,JOOLA-Maxxx-450
maxxx 400,JOOLA-Maxxx-400
m400,JOOLA-Maxxx-400
maxxx400,JOOLA-Maxxx-400
joola maxxx 400,JOOLA-Maxxx-400
joola m400,JOOLA-Maxxx-400
joola maxxx400,JOOLA-Maxxx-400
mambo tuning,JOOLA-Mambo-Tuning
joola mambo tuning,JOOLA-Mambo-Tuning
h-tuning,JOOLA-Mambo-H-Tuning
htuning,JOOLA-Mambo-H-Tuning
h tuning,JOOLA-Mambo-H-Tuning
mambo h-tuning,JOOLA-Mambo-H-Tuning
mambo h tuning,JOOLA-Mambo-H-Tuning
mambo htuning,JOOLA-Mambo-H-Tuning
joola h-tuning,JOOLA-Mambo-H-Tuning
joola htuning,JOOLA-Mambo-H-Tuning
joola h tuning,JOOLA-Mambo-H-Tuning
joola mambo h-tuning,JOOLA-Mambo-H-Tuning
joola mambo h tuning,JOOLA-Mambo-H-Tuning
joola mambo htuning,JOOLA-Mambo-H-Tuning
mambo h,JOOLA-Mambo-H
joola mambo h,JOOLA-Mambo-H
mambo gp,JOOLA-Mambo-GP
joola mambo gp,JOOLA-Mambo-GP
mambo c,JOOLA-Mambo-C
joola mambo c,JOOLA-Mambo-C
mambo,JOOLA-Mambo
joola mambo,JOOLA-Mambo
venus 3,Galaxy-Venus-3
v3,Galaxy-Venus-3
venus3,Galaxy-Venus-3
galaxy venus 3,Galaxy-Venus-3
galaxy v3,Galaxy-Venus-3
galaxy venus3,Galaxy-Venus-3
venus 2,Galaxy-Venus-2
v2,Galaxy-Venus-2
venus2,Galaxy-Venus-2
galaxy venus 2,Galaxy-Venus-2
galaxy v2,Galaxy-Venus-2
galaxy venus2,Galaxy-Venus-2
venus,Galaxy-Venus
galaxy venus,Galaxy-Venus
sun pro,Galaxy-Sun-Pro
galaxy sun pro,Galaxy-Sun-Pro
sun,Galaxy-Sun
galaxy sun,Galaxy-Sun
saturn pro,Galaxy-Saturn-Pro
galaxy saturn pro,Galaxy-Saturn-Pro
saturn,Galaxy-Saturn
galaxy saturn,Galaxy-Saturn
moon speed,Galaxy-Moon-Speed
galaxy moon speed,Galaxy-Moon-Speed
moon pro,Galaxy-Moon-Pro
galaxy moon pro,Galaxy-Moon-Pro
moon,Galaxy-Moon
galaxy moon,Galaxy-Moon
iii-euro,Galaxy-Mercury-III-EURO
iiieuro,Galaxy-Mercury-III-EURO
iii euro,Galaxy-Mercury-III-EURO
mercury iii-euro,Galaxy-Mercury-III-EURO
mercury iii euro,Galaxy-Mercury-III-EURO
mercury iiieuro,Galaxy-Mercury-III-EURO
galaxy iii-euro,Galaxy-Mercury-III-EURO
galaxy iiieuro,Galaxy-Mercury-III-EURO
galaxy iii euro,Galaxy-Mercury-III-EURO
galaxy mercury iii-euro,Galaxy-Mercury-III-EURO
galaxy mercury iii euro,Galaxy-Mercury-III-EURO
galaxy mercury iiieuro,Galaxy-Mercury-III-EURO
mercury ii,Galaxy-Mercury-II
galaxy mercury ii,Galaxy-Mercury-II
mercury,Galaxy-Mercury
galaxy mercury,Galaxy-Mercury
mars v2,Galaxy-Mars-V2
galaxy mars v2,Galaxy-Mars-V2
mars,Galaxy-Mars
galaxy mars,Galaxy-Mars
m-star,Galaxy-M-Star
galaxy m-star,Galaxy-M-Star
jupiter ii,Galaxy-Jupiter-II
galaxy jupiter ii,Galaxy-Jupiter-II
jupiter,Galaxy-Jupiter
galaxy jupiter,Galaxy-Jupiter
earth 2,Galaxy-Earth-2
e2,Galaxy-Earth-2
earth2,Galaxy-Earth-2
galaxy earth 2,Galaxy-Earth-2
galaxy e2,Galaxy-Earth-2
galaxy earth2,Galaxy-Earth-2
earth,Galaxy-Earth
galaxy earth,Galaxy-Earth
dipper-iv,Galaxy-Big-Dipper-IV
dipperiv,Galaxy-Big-Dipper-IV
dipper iv,Galaxy-Big-Dipper-IV
big dipper-iv,Galaxy-Big-Dipper-IV
big dipper iv,Galaxy-Big-Dipper-IV
big dipperiv,Galaxy-Big-Dipper-IV
galaxy dipper-iv,Galaxy-Big-Dipper-IV
galaxy dipperiv,Galaxy-Big-Dipper-IV
galaxy dipper iv,Galaxy-Big-Dipper-IV
galaxy big dipper-iv,Galaxy-Big-Dipper-IV
galaxy big dipper iv,Galaxy-Big-Dipper-IV
galaxy big dipperiv,Galaxy-Big-Dipper-IV
big dipper,Galaxy-Big-Dipper
galaxy big dipper,Galaxy-Big-Dipper
apollo iii,Galaxy-Apollo-III
galaxy apollo iii,Galaxy-Apollo-III
apollo ii,Galaxy-Apollo-II
galaxy apollo ii,Galaxy-Apollo-II
apollo 5,Galaxy-Apollo-5
a5,Galaxy-Apollo-5
apollo5,Galaxy-Apollo-5
galaxy apollo 5,Galaxy-Apollo-5
galaxy a5,Galaxy-Apollo-5
galaxy apollo5,Galaxy-Apollo-5
apollo,Galaxy-Apollo
galaxy apollo,Galaxy-Apollo
9000e,Galaxy-9000E
galaxy 9000e,Galaxy-9000E
9000d,Galaxy-9000D
galaxy 9000d,Galaxy-9000D
series-2,Galaxy-9000-Series-2
series2,Galaxy-9000-Series-2
series 2,Galaxy-9000-Series-2
9000 series-2,Galaxy-9000-Series-2
9000 series 2,Galaxy-9000-Series-2
9000 series2,Galaxy-9000-Series-2
galaxy series-2,Galaxy-9000-Series-2
galaxy series2,Galaxy-9000-Series-2
galaxy series 2,Galaxy-9000-Series-2
galaxy 9000 series-2,Galaxy-9000-Series-2
galaxy 9000 series 2,Galaxy-9000-Series-2
galaxy 9000 series2,Galaxy-9000-Series-2
3-star,Galaxy-9000-3-Star
3star,Galaxy-9000-3-Star
3 star,Galaxy-9000-3-Star
9000 3-star,Galaxy-9000-3-Star
9000 3 star,Galaxy-9000-3-Star
9000 3star,Galaxy-9000-3-Star
93star,Galaxy-9000-3-Star
93-star,Galaxy-9000-3-Star
galaxy 3-star,Galaxy-9000-3-Star
galaxy 3star,Galaxy-9000-3-Star
galaxy 3 star,Galaxy-9000-3-Star
galaxy 9000 3-star,Galaxy-9000-3-Star
galaxy 9000 3 star,Galaxy-9000-3-Star
galaxy 9000 3star,Galaxy-9000-3-Star
galaxy 93star,Galaxy-9000-3-Star
galaxy 93-star,Galaxy-9000-3-Star
st-(tuned),Donic-Vario-ST-(Tuned)
st(tuned),Donic-Vario-ST-(Tuned)
st (tuned),Donic-Vario-ST-(Tuned)
vario st-(tuned),Donic-Vario-ST-(Tuned)
vario st (tuned),Donic-Vario-ST-(Tuned)
vario st(tuned),Donic-Vario-ST-(Tuned)
donic st-(tuned),Donic-Vario-ST-(Tuned)
donic st(tuned),Donic-Vario-ST-(Tuned)
donic st (tuned),Donic-Vario-ST-(Tuned)
donic vario st-(tuned),Donic-Vario-ST-(Tuned)
donic vario st (tuned),Donic-Vario-ST-(Tuned)
donic vario st(tuned),Donic-Vario-ST-(Tuned)
vario sound,Donic-Vario-Sound
donic vario sound,Donic-Vario-Sound
soft-st,Donic-Vario-Soft-ST
softst,Donic-Vario-Soft-ST
soft st,Donic-Vario-Soft-ST
vario soft-st,Donic-Vario-Soft-ST
vario soft st,Donic-Vario-Soft-ST
vario softst,Donic-Vario-Soft-ST
donic soft-st,Donic-Vario-Soft-ST
donic softst,Donic-Vario-Soft-ST
donic soft st,Donic-Vario-Soft-ST
donic vario soft-st,Donic-Vario-Soft-ST
donic vario soft st,Donic-Vario-Soft-ST
donic vario softst,Donic-Vario-Soft-ST
vario soft,Donic-Vario-Soft
donic vario soft,Donic-Vario-Soft
mach-1,Donic-Vario-Mach-1
mach1,Donic-Vario-Mach-1
mach 1,Donic-Vario-Mach-1
vario mach-1,Donic-Vario-Mach-1
vario mach 1,Donic-Vario-Mach-1
vario mach1,Donic-Vario-Mach-1
donic mach-1,Donic-Vario-Mach-1
donic mach1,Donic-Vario-Mach-1
donic mach 1,Donic-Vario-Mach-1
donic vario mach-1,Donic-Vario-Mach-1
donic vario mach 1,Donic-Vario-Mach-1
donic vario mach1,Donic-Vario-Mach-1
cooper-s,Donic-Vario-Cooper-S
coopers,Donic-Vario-Cooper-S
cooper s,Donic-Vario-Cooper-S
vario cooper-s,Donic-Vario-Cooper-S
vario cooper s,Donic-Vario-Cooper-S
vario coopers,Donic-Vario-Cooper-S
donic cooper-s,Donic-Vario-Cooper-S
donic coopers,Donic-Vario-Cooper-S
donic cooper s,Donic-Vario-Cooper-S
donic vario cooper-s,Donic-Vario-Cooper-S
donic vario cooper s,Donic-Vario-Cooper-S
donic vario coopers,Donic-Vario-Cooper-S
big-slam,Donic-Baracuda-Big-Slam
bigslam,Donic-Baracuda-Big-Slam
big slam,Donic-Baracuda-Big-Slam
vario big-slam,Donic-Vario-Big-Slam
vario big slam,Donic-Vario-Big-Slam
vario bigslam,Donic-Vario-Big-Slam
donic big-slam,Donic-Baracuda-Big-Slam
donic bigslam,Donic-Baracuda-Big-Slam
donic big slam,Donic-Baracuda-Big-Slam
donic vario big-slam,Donic-Vario-Big-Slam
donic vario big slam,Donic-Vario-Big-Slam
donic vario bigslam,Donic-Vario-Big-Slam
vario,Donic-Vario
donic vario,Donic-Vario
twingo plus,Donic-Twingo-Plus
donic twingo plus,Donic-Twingo-Plus
twingo,Donic-Twingo
donic twingo,Donic-Twingo
ms-soft,Donic-Traction-MS-Soft
mssoft,Donic-Traction-MS-Soft
ms soft,Donic-Traction-MS-Soft
traction ms-soft,Donic-Traction-MS-Soft
traction ms soft,Donic-Traction-MS-Soft
traction mssoft,Donic-Traction-MS-Soft
donic ms-soft,Donic-Traction-MS-Soft
donic mssoft,Donic-Traction-MS-Soft
donic ms soft,Donic-Traction-MS-Soft
donic traction ms-soft,Donic-Traction-MS-Soft
donic traction ms soft,Donic-Traction-MS-Soft
donic traction mssoft,Donic-Traction-MS-Soft
ms-pro,Donic-Traction-MS-Pro
mspro,Donic-Traction-MS-Pro
ms pro,Donic-Traction-MS-Pro
traction ms-pro,Donic-Traction-MS-Pro
traction ms pro,Donic-Traction-MS-Pro
traction mspro,Donic-Traction-MS-Pro
donic ms-pro,Donic-Traction-MS-Pro
donic mspro,Donic-Traction-MS-Pro
donic ms pro,Donic-Traction-MS-Pro
donic traction ms-pro,Donic-Traction-MS-Pro
donic traction ms pro,Donic-Traction-MS-Pro
donic traction mspro,Donic-Traction-MS-Pro
traction ii,Donic-Traction-II
donic traction ii,Donic-Traction-II
supersonic s40,Donic-Supersonic-S40
s40,Donic-Slice-40
donic supersonic s40,Donic-Supersonic-S40
donic s40,Donic-Slice-40
jp-soft,Donic-Sonex-JP-Soft
jpsoft,Donic-Sonex-JP-Soft
jp soft,Donic-Sonex-JP-Soft
sonex jp-soft,Donic-Sonex-JP-Soft
sonex jp soft,Donic-Sonex-JP-Soft
sonex jpsoft,Donic-Sonex-JP-Soft
donic jp-soft,Donic-Sonex-JP-Soft
donic jpsoft,Donic-Sonex-JP-Soft
donic jp soft,Donic-Sonex-JP-Soft
donic sonex jp-soft,Donic-Sonex-JP-Soft
donic sonex jp soft,Donic-Sonex-JP-Soft
donic sonex jpsoft,Donic-Sonex-JP-Soft
jp-gold,Donic-Sonex-JP-Gold
jpgold,Donic-Sonex-JP-Gold
jp gold,Donic-Sonex-JP-Gold
sonex jp-gold,Donic-Sonex-JP-Gold
sonex jp gold,Donic-Sonex-JP-Gold
sonex jpgold,Donic-Sonex-JP-Gold
donic jp-gold,Donic-Sonex-JP-Gold
donic jpgold,Donic-Sonex-JP-Gold
donic jp gold,Donic-Sonex-JP-Gold
donic sonex jp-gold,Donic-Sonex-JP-Gold
donic sonex jp gold,Donic-Sonex-JP-Gold
donic sonex jpgold,Donic-Sonex-JP-Gold
sonex jp,Donic-Sonex-JP
donic sonex jp,Donic-Sonex-JP
solo,Donic-Solo
donic solo,Donic-Solo
40-cd,Donic-Slice-40-CD
40cd,Donic-Slice-40-CD
40 cd,Donic-Slice-40-CD
slice 40-cd,Donic-Slice-40-CD
slice 40 cd,Donic-Slice-40-CD
slice 40cd,Donic-Slice-40-CD
s40cd,Donic-Slice-40-CD
s40-cd,Donic-Slice-40-CD
donic 40-cd,Donic-Slice-40-CD
donic 40cd,Donic-Slice-40-CD
donic 40 cd,Donic-Slice-40-CD
donic slice 40-cd,Donic-Slice-40-CD
donic slice 40 cd,Donic-Slice-40-CD
donic slice 40cd,Donic-Slice-40-CD
donic s40cd,Donic-Slice-40-CD
donic s40-cd,Donic-Slice-40-CD
slice 40,Donic-Slice-40
slice40,Donic-Slice-40
donic slice 40,Donic-Slice-40
donic slice40,Donic-Slice-40
quattro formula,Donic-Quattro-Formula
donic quattro formula,Donic-Quattro-Formula
a'conda-soft,Donic-Quattro-A'Conda-Soft
a'condasoft,Donic-Quattro-A'Conda-Soft
a'conda soft,Donic-Quattro-A'Conda-Soft
quattro a'conda-soft,Donic-Quattro-A'Conda-Soft
quattro a'conda soft,Donic-Quattro-A'Conda-Soft
quattro a'condasoft,Donic-Quattro-A'Conda-Soft
donic a'conda-soft,Donic-Quattro-A'Conda-Soft
donic a'condasoft,Donic-Quattro-A'Conda-Soft
donic a'conda soft,Donic-Quattro-A'Conda-Soft
donic quattro a'conda-soft,Donic-Quattro-A'Conda-Soft
donic quattro a'conda soft,Donic-Quattro-A'Conda-Soft
donic quattro a'condasoft,Donic-Quattro-A'Conda-Soft
a'conda-medium,Donic-Quattro-A'Conda-Medium
a'condamedium,Donic-Quattro-A'Conda-Medium
a'conda medium,Donic-Quattro-A'Conda-Medium
quattro a'conda-medium,Donic-Quattro-A'Conda-Medium
quattro a'conda medium,Donic-Quattro-A'Conda-Medium
quattro a'condamedium,Donic-Quattro-A'Conda-Medium
donic a'conda-medium,Donic-Quattro-A'Conda-Medium
donic a'condamedium,Donic-Quattro-A'Conda-Medium
donic a'conda medium,Donic-Quattro-A'Conda-Medium
donic quattro a'conda-medium,Donic-Quattro-A'Conda-Medium
donic quattro a'conda medium,Donic-Quattro-A'Conda-Medium
donic quattro a'condamedium,Donic-Quattro-A'Conda-Medium
quattro,Donic-Quattro
donic quattro,Donic-Quattro
7000-liga,Donic-QRC-Rubber-7000-Liga
7000liga,Donic-QRC-Rubber-7000-Liga
7000 liga,Donic-QRC-Rubber-7000-Liga
qrc-rubber 7000-liga,Donic-QRC-Rubber-7000-Liga
qrc-rubber 7000 liga,Donic-QRC-Rubber-7000-Liga
qrc-rubber 7000liga,Donic-QRC-Rubber-7000-Liga
q7000liga,Donic-QRC-Rubber-7000-Liga
q7000-liga,Donic-QRC-Rubber-7000-Liga
donic 7000-liga,Donic-QRC-Rubber-7000-Liga
donic 7000liga,Donic-QRC-Rubber-7000-Liga
donic 7000 liga,Donic-QRC-Rubber-7000-Liga
donic qrc-rubber 7000-liga,Donic-QRC-Rubber-7000-Liga
donic qrc-rubber 7000 liga,Donic-QRC-Rubber-7000-Liga
donic qrc-rubber 7000liga,Donic-QRC-Rubber-7000-Liga
donic q7000liga,Donic-QRC-Rubber-7000-Liga
donic q7000-liga,Donic-QRC-Rubber-7000-Liga
liga plus,Donic-Liga-Plus
donic liga plus,Donic-Liga-Plus
liga,Donic-Liga
donic liga,Donic-Liga
waldner-legend,Donic-JO-Waldner-Legend
waldnerlegend,Donic-JO-Waldner-Legend
waldner legend,Donic-JO-Waldner-Legend
jo waldner-legend,Donic-JO-Waldner-Legend
jo waldner legend,Donic-JO-Waldner-Legend
jo waldnerlegend,Donic-JO-Waldner-Legend
donic waldner-legend,Donic-JO-Waldner-Legend
donic waldnerlegend,Donic-JO-Waldner-Legend
donic waldner legend,Donic-JO-Waldner-Legend
donic jo waldner-legend,Donic-JO-Waldner-Legend
donic jo waldner legend,Donic-JO-Waldner-Legend
donic jo waldnerlegend,Donic-JO-Waldner-Legend
j.o. waldner,Donic-J.O.-Waldner
donic j.o. waldner,Donic-J.O.-Waldner
gallardo speed,Donic-Gallardo-Speed
donic gallardo speed,Donic-Gallardo-Speed
gallardo sound,Donic-Gallardo-Sound
donic gallardo sound,Donic-Gallardo-Sound
power-sound,Donic-Gallardo-Power-Sound
powersound,Donic-Gallardo-Power-Sound
power sound,Donic-Gallardo-Power-Sound
gallardo power-sound,Donic-Gallardo-Power-Sound
gallardo power sound,Donic-Gallardo-Power-Sound
gallardo powersound,Donic-Gallardo-Power-Sound
donic power-sound,Donic-Gallardo-Power-Sound
donic powersound,Donic-Gallardo-Power-Sound
donic power sound,Donic-Gallardo-Power-Sound
donic gallardo power-sound,Donic-Gallardo-Power-Sound
donic gallardo power sound,Donic-Gallardo-Power-Sound
donic gallardo powersound,Donic-Gallardo-Power-Sound
energy 3000,Donic-Energy-3000
e3000,Donic-Energy-3000
energy3000,Donic-Energy-3000
donic energy 3000,Donic-Energy-3000
donic e3000,Donic-Energy-3000
donic energy3000,Donic-Energy-3000
desto f4,Donic-Desto-F4
f4,Donic-Desto-F4
donic desto f4,Donic-Desto-F4
donic f4,Donic-Desto-F4
desto f3,Donic-Desto-F3
f3,Donic-Desto-F3
donic desto f3,Donic-Desto-F3
donic f3,Donic-Desto-F3
desto f2,Donic-Desto-F2
f2,Donic-Desto-F2
donic desto f2,Donic-Desto-F2
donic f2,Donic-Desto-F2
f1-plus,Donic-Desto-F1-Plus
f1plus,Donic-Desto-F1-Plus
f1 plus,Donic-Desto-F1-Plus
desto f1-plus,Donic-Desto-F1-Plus
desto f1 plus,Donic-Desto-F1-Plus
desto f1plus,Donic-Desto-F1-Plus
donic f1-plus,Donic-Desto-F1-Plus
donic f1plus,Donic-Desto-F1-Plus
donic f1 plus,Donic-Desto-F1-Plus
donic desto f1-plus,Donic-Desto-F1-Plus
donic desto f1 plus,Donic-Desto-F1-Plus
donic desto f1plus,Donic-Desto-F1-Plus
f1-hs,Donic-Desto-F1-HS
f1hs,Donic-Desto-F1-HS
f1 hs,Donic-Desto-F1-HS
desto f1-hs,Donic-Desto-F1-HS
desto f1 hs,Donic-Desto-F1-HS
desto f1hs,Donic-Desto-F1-HS
donic f1-hs,Donic-Desto-F1-HS
donic f1hs,Donic-Desto-F1-HS
donic f1 hs,Donic-Desto-F1-HS
donic desto f1-hs,Donic-Desto-F1-HS
donic desto f1 hs,Donic-Desto-F1-HS
donic desto f1hs,Donic-Desto-F1-HS
desto f1,Donic-Desto-F1
f1,Donic-Desto-F1
donic desto f1,Donic-Desto-F1
donic f1,Donic-Desto-F1
x3-silver,Donic-Coppa-X3-Silver
x3silver,Donic-Coppa-X3-Silver
x3 silver,Donic-Coppa-X3-Silver
coppa x3-silver,Donic-Coppa-X3-Silver
coppa x3 silver,Donic-Coppa-X3-Silver
coppa x3silver,Donic-Coppa-X3-Silver
donic x3-silver,Donic-Coppa-X3-Silver
donic x3silver,Donic-Coppa-X3-Silver
donic x3 silver,Donic-Coppa-X3-Silver
donic coppa x3-silver,Donic-Coppa-X3-Silver
donic coppa x3 silver,Donic-Coppa-X3-Silver
donic coppa x3silver,Donic-Coppa-X3-Silver
x1-gold,Donic-Coppa-X1-Gold
x1gold,Donic-Coppa-X1-Gold
x1 gold,Donic-Coppa-X1-Gold
coppa x1-gold,Donic-Coppa-X1-Gold
coppa x1 gold,Donic-Coppa-X1-Gold
coppa x1gold,Donic-Coppa-X1-Gold
donic x1-gold,Donic-Coppa-X1-Gold
donic x1gold,Donic-Coppa-X1-Gold
donic x1 gold,Donic-Coppa-X1-Gold
donic coppa x1-gold,Donic-Coppa-X1-Gold
donic coppa x1 gold,Donic-Coppa-X1-Gold
donic coppa x1gold,Donic-Coppa-X1-Gold
coppa tenero,Donic-Coppa-Tenero
donic coppa tenero,Donic-Coppa-Tenero
coppa tagora,Donic-Coppa-Tagora
donic coppa tagora,Donic-Coppa-Tagora
coppa speed,Donic-Coppa-Speed
donic coppa speed,Donic-Coppa-Speed
jo-silver,Donic-Coppa-JO-Silver
josilver,Donic-Coppa-JO-Silver
jo silver,Donic-Coppa-JO-Silver
coppa jo-silver,Donic-Coppa-JO-Silver
coppa jo silver,Donic-Coppa-JO-Silver
coppa josilver,Donic-Coppa-JO-Silver
donic jo-silver,Donic-Coppa-JO-Silver
donic josilver,Donic-Coppa-JO-Silver
donic jo silver,Donic-Coppa-JO-Silver
donic coppa jo-silver,Donic-Coppa-JO-Silver
donic coppa jo silver,Donic-Coppa-JO-Silver
donic coppa josilver,Donic-Coppa-JO-Silver
jo-platin,Donic-Coppa-JO-Platin
joplatin,Donic-Coppa-JO-Platin
jo platin,Donic-Coppa-JO-Platin
coppa jo-platin,Donic-Coppa-JO-Platin
coppa jo platin,Donic-Coppa-JO-Platin
coppa joplatin,Donic-Coppa-JO-Platin
donic jo-platin,Donic-Coppa-JO-Platin
donic joplatin,Donic-Coppa-JO-Platin
donic jo platin,Donic-Coppa-JO-Platin
donic coppa jo-platin,Donic-Coppa-JO-Platin
donic coppa jo platin,Donic-Coppa-JO-Platin
donic coppa joplatin,Donic-Coppa-JO-Platin
jo-gold,Donic-Coppa-JO-Gold
jogold,Donic-Coppa-JO-Gold
jo gold,Donic-Coppa-JO-Gold
coppa jo-gold,Donic-Coppa-JO-Gold
coppa jo gold,Donic-Coppa-JO-Gold
coppa jogold,Donic-Coppa-JO-Gold
donic jo-gold,Donic-Coppa-JO-Gold
donic jogold,Donic-Coppa-JO-Gold
donic jo gold,Donic-Coppa-JO-Gold
donic coppa jo-gold,Donic-Coppa-JO-Gold
donic coppa jo gold,Donic-Coppa-JO-Gold
donic coppa jogold,Donic-Coppa-JO-Gold
coppa jo,Donic-Coppa-JO
donic coppa jo,Donic-Coppa-JO
coppa,Donic-Coppa
donic coppa,Donic-Coppa
bluestorm z3,Donic-Bluestorm-Z3
z3,Donic-Bluestorm-Z3
donic bluestorm z3,Donic-Bluestorm-Z3
donic z3,Donic-Bluestorm-Z3
bluestorm z2,Donic-Bluestorm-Z2
z2,Donic-Bluestorm-Z2
donic bluestorm z2,Donic-Bluestorm-Z2
donic z2,Donic-Bluestorm-Z2
z1-turbo,Donic-Bluestorm-Z1-Turbo
z1turbo,Donic-Bluestorm-Z1-Turbo
z1 turbo,Donic-Bluestorm-Z1-Turbo
bluestorm z1-turbo,Donic-Bluestorm-Z1-Turbo
bluestorm z1 turbo,Donic-Bluestorm-Z1-Turbo
bluestorm z1turbo,Donic-Bluestorm-Z1-Turbo
donic z1-turbo,Donic-Bluestorm-Z1-Turbo
donic z1turbo,Donic-Bluestorm-Z1-Turbo
donic z1 turbo,Donic-Bluestorm-Z1-Turbo
donic bluestorm z1-turbo,Donic-Bluestorm-Z1-Turbo
donic bluestorm z1 turbo,Donic-Bluestorm-Z1-Turbo
donic bluestorm z1turbo,Donic-Bluestorm-Z1-Turbo
bluestorm z1,Donic-Bluestorm-Z1
z1,Donic-Bluestorm-Z1
donic bluestorm z1,Donic-Bluestorm-Z1
donic z1,Donic-Bluestorm-Z1
bluestorm big-slam,Donic-Bluestorm-Big-Slam
bluestorm big slam,Donic-Bluestorm-Big-Slam
bluestorm bigslam,Donic-Bluestorm-Big-Slam
donic bluestorm big-slam,Donic-Bluestorm-Big-Slam
donic bluestorm big slam,Donic-Bluestorm-Big-Slam
donic bluestorm bigslam,Donic-Bluestorm-Big-Slam
blues,Donic-Blues
donic blues,Donic-Blues
bluegrip v1,Donic-BlueGrip-V1
v1,Donic-BlueGrip-V1
donic bluegrip v1,Donic-BlueGrip-V1
donic v1,Donic-BlueGrip-V1
bluegrip r1,Donic-BlueGrip-R1
r1,Donic-BlueGrip-R1
donic bluegrip r1,Donic-BlueGrip-R1
donic r1,Donic-BlueGrip-R1
bluegrip c2,Donic-BlueGrip-C2
c2,Donic-BlueGrip-C2
donic bluegrip c2,Donic-BlueGrip-C2
donic c2,Donic-BlueGrip-C2
bluegrip c1,Donic-BlueGrip-C1
c1,Donic-BlueGrip-C1
donic bluegrip c1,Donic-BlueGrip-C1
donic c1,Donic-BlueGrip-C1
bluefire m3,Donic-Bluefire-M3
m3,Donic-Bluefire-M3
donic bluefire m3,Donic-Bluefire-M3
donic m3,Donic-Bluefire-M3
bluefire m2,Donic-Bluefire-M2
m2,Donic-Bluefire-M2
donic bluefire m2,Donic-Bluefire-M2
donic m2,Donic-Bluefire-M2
m1-turbo,Donic-Bluefire-M1-Turbo
m1turbo,Donic-Bluefire-M1-Turbo
m1 turbo,Donic-Bluefire-M1-Turbo
bluefire m1-turbo,Donic-Bluefire-M1-Turbo
bluefire m1 turbo,Donic-Bluefire-M1-Turbo
bluefire m1turbo,Donic-Bluefire-M1-Turbo
donic m1-turbo,Donic-Bluefire-M1-Turbo
donic m1turbo,Donic-Bluefire-M1-Turbo
donic m1 turbo,Donic-Bluefire-M1-Turbo
donic bluefire m1-turbo,Donic-Bluefire-M1-Turbo
donic bluefire m1 turbo,Donic-Bluefire-M1-Turbo
donic bluefire m1turbo,Donic-Bluefire-M1-Turbo
bluefire m1,Donic-Bluefire-M1
donic bluefire m1,Donic-Bluefire-M1
donic m1,Donic-Bluefire-M1
jp-03,Donic-Bluefire-JP-03
jp03,Donic-Bluefire-JP-03
jp 03,Donic-Bluefire-JP-03
bluefire jp-03,Donic-Bluefire-JP-03
bluefire jp 03,Donic-Bluefire-JP-03
bluefire jp03,Donic-Bluefire-JP-03
donic jp-03,Donic-Bluefire-JP-03
donic jp03,Donic-Bluefire-JP-03
donic jp 03,Donic-Bluefire-JP-03
donic bluefire jp-03,Donic-Bluefire-JP-03
donic bluefire jp 03,Donic-Bluefire-JP-03
donic bluefire jp03,Donic-Bluefire-JP-03
jp-02,Donic-Bluefire-JP-02
jp02,Donic-Bluefire-JP-02
jp 02,Donic-Bluefire-JP-02
bluefire jp-02,Donic-Bluefire-JP-02
bluefire jp 02,Donic-Bluefire-JP-02
bluefire jp02,Donic-Bluefire-JP-02
donic jp-02,Donic-Bluefire-JP-02
donic jp02,Donic-Bluefire-JP-02
donic jp 02,Donic-Bluefire-JP-02
donic bluefire jp-02,Donic-Bluefire-JP-02
donic bluefire jp 02,Donic-Bluefire-JP-02
donic bluefire jp02,Donic-Bluefire-JP-02
jp-01,Donic-Bluefire-JP-01
jp01,Donic-Bluefire-JP-01
jp 01,Donic-Bluefire-JP-01
bluefire jp-01,Donic-Bluefire-JP-01
bluefire jp 01,Donic-Bluefire-JP-01
bluefire jp01,Donic-Bluefire-JP-01
donic jp-01,Donic-Bluefire-JP-01
donic jp01,Donic-Bluefire-JP-01
donic jp 01,Donic-Bluefire-JP-01
donic bluefire jp-01,Donic-Bluefire-JP-01
donic bluefire jp 01,Donic-Bluefire-JP-01
donic bluefire jp01,Donic-Bluefire-JP-01
bluefire big-slam,Donic-Bluefire-Big-Slam
bluefire big slam,Donic-Bluefire-Big-Slam
bluefire bigslam,Donic-Bluefire-Big-Slam
donic bluefire big-slam,Donic-Bluefire-Big-Slam
donic bluefire big slam,Donic-Bluefire-Big-Slam
donic bluefire bigslam,Donic-Bluefire-Big-Slam
bluefire,Donic-Bluefire
donic bluefire,Donic-Bluefire
baracuda big-slam,Donic-Baracuda-Big-Slam
baracuda big slam,Donic-Baracuda-Big-Slam
baracuda bigslam,Donic-Baracuda-Big-Slam
donic baracuda big-slam,Donic-Baracuda-Big-Slam
donic baracuda big slam,Donic-Baracuda-Big-Slam
donic baracuda bigslam,Donic-Baracuda-Big-Slam
baracuda,Donic-Baracuda
donic baracuda,Donic-Baracuda
anti-40,Donic-Anti-40
donic anti-40,Donic-Anti-40
anti classic,Donic-Anti-Classic
donic anti classic,Donic-Anti-Classic
a40-(anti-spin),Donic-Anti-A40-(Anti-spin)
a40(anti-spin),Donic-Anti-A40-(Anti-spin)
a40 (anti-spin),Donic-Anti-A40-(Anti-spin)
anti a40-(anti-spin),Donic-Anti-A40-(Anti-spin)
anti a40 (anti-spin),Donic-Anti-A40-(Anti-spin)
anti a40(anti-spin),Donic-Anti-A40-(Anti-spin)
donic a40-(anti-spin),Donic-Anti-A40-(Anti-spin)
donic a40(anti-spin),Donic-Anti-A40-(Anti-spin)
donic a40 (anti-spin),Donic-Anti-A40-(Anti-spin)
donic anti a40-(anti-spin),Donic-Anti-A40-(Anti-spin)
donic anti a40 (anti-spin),Donic-Anti-A40-(Anti-spin)
donic anti a40(anti-spin),Donic-Anti-A40-(Anti-spin)
alligator anti,Donic-Alligator-Anti
donic alligator anti,Donic-Alligator-Anti
taichi-(red),Donic-Akkadi-Taichi-(Red)
taichi(red),Donic-Akkadi-Taichi-(Red)
taichi (red),Donic-Akkadi-Taichi-(Red)
akkadi taichi-(red),Donic-Akkadi-Taichi-(Red)
akkadi taichi (red),Donic-Akkadi-Taichi-(Red)
akkadi taichi(red),Donic-Akkadi-Taichi-(Red)
donic taichi-(red),Donic-Akkadi-Taichi-(Red)
donic taichi(red),Donic-Akkadi-Taichi-(Red)
donic taichi (red),Donic-Akkadi-Taichi-(Red)
donic akkadi taichi-(red),Donic-Akkadi-Taichi-(Red)
donic akkadi taichi (red),Donic-Akkadi-Taichi-(Red)
donic akkadi taichi(red),Donic-Akkadi-Taichi-(Red)
akkadi taichi,Donic-Akkadi-Taichi
donic akkadi taichi,Donic-Akkadi-Taichi
akkadi java,Donic-Akkadi-Java
donic akkadi java,Donic-Akkadi-Java
acuda s3,Donic-Acuda-S3
s3,Donic-Acuda-S3
donic acuda s3,Donic-Acuda-S3
donic s3,Donic-Acuda-S3
acuda s2,Donic-Acuda-S2
s2,Donic-Acuda-S2
donic acuda s2,Donic-Acuda-S2
donic s2,Donic-Acuda-S2
s1-turbo,Donic-Acuda-S1-Turbo
s1turbo,Donic-Acuda-S1-Turbo
s1 turbo,Donic-Acuda-S1-Turbo
acuda s1-turbo,Donic-Acuda-S1-Turbo
acuda s1 turbo,Donic-Acuda-S1-Turbo
acuda s1turbo,Donic-Acuda-S1-Turbo
donic s1-turbo,Donic-Acuda-S1-Turbo
donic s1turbo,Donic-Acuda-S1-Turbo
donic s1 turbo,Donic-Acuda-S1-Turbo
donic acuda s1-turbo,Donic-Acuda-S1-Turbo
donic acuda s1 turbo,Donic-Acuda-S1-Turbo
donic acuda s1turbo,Donic-Acuda-S1-Turbo
acuda s1,Donic-Acuda-S1
s1,Donic-Acuda-S1
donic acuda s1,Donic-Acuda-S1
donic s1,Donic-Acuda-S1
blue-p3,Donic-Acuda-Blue-P3
bluep3,Donic-Acuda-Blue-P3
blue p3,Donic-Acuda-Blue-P3
acuda blue-p3,Donic-Acuda-Blue-P3
acuda blue p3,Donic-Acuda-Blue-P3
acuda bluep3,Donic-Acuda-Blue-P3
donic blue-p3,Donic-Acuda-Blue-P3
donic bluep3,Donic-Acuda-Blue-P3
donic blue p3,Donic-Acuda-Blue-P3
donic acuda blue-p3,Donic-Acuda-Blue-P3
donic acuda blue p3,Donic-Acuda-Blue-P3
donic acuda bluep3,Donic-Acuda-Blue-P3
blue-p2,Donic-Acuda-Blue-P2
bluep2,Donic-Acuda-Blue-P2
blue p2,Donic-Acuda-Blue-P2
acuda blue-p2,Donic-Acuda-Blue-P2
acuda blue p2,Donic-Acuda-Blue-P2
acuda bluep2,Donic-Acuda-Blue-P2
donic blue-p2,Donic-Acuda-Blue-P2
donic bluep2,Donic-Acuda-Blue-P2
donic blue p2,Donic-Acuda-Blue-P2
donic acuda blue-p2,Donic-Acuda-Blue-P2
donic acuda blue p2,Donic-Acuda-Blue-P2
donic acuda bluep2,Donic-Acuda-Blue-P2
blue-p1,Donic-Acuda-Blue-P1
bluep1,Donic-Acuda-Blue-P1
blue p1,Donic-Acuda-Blue-P1
acuda blue-p1,Donic-Acuda-Blue-P1
acuda blue p1,Donic-Acuda-Blue-P1
acuda bluep1,Donic-Acuda-Blue-P1
donic blue-p1,Donic-Acuda-Blue-P1
donic bluep1,Donic-Acuda-Blue-P1
donic blue p1,Donic-Acuda-Blue-P1
donic acuda blue-p1,Donic-Acuda-Blue-P1
donic acuda blue p1,Donic-Acuda-Blue-P1
donic acuda bluep1,Donic-Acuda-Blue-P1
66gs,Donic-66GS
donic 66gs,Donic-66GS
tnt,DHS-TNT
dhs tnt,DHS-TNT
arc-5,DHS-Gold-Arc-5
arc5,DHS-Gold-Arc-5
arc 5,DHS-Gold-Arc-5
tin arc-5,DHS-Tin-Arc-5
tin arc 5,DHS-Tin-Arc-5
tin arc5,DHS-Tin-Arc-5
dhs arc-5,DHS-Gold-Arc-5
dhs arc5,DHS-Gold-Arc-5
dhs arc 5,DHS-Gold-Arc-5
dhs tin arc-5,DHS-Tin-Arc-5
dhs tin arc 5,DHS-Tin-Arc-5
dhs tin arc5,DHS-Tin-Arc-5
arc-3,DHS-Gold-Arc-3
arc3,DHS-Gold-Arc-3
arc 3,DHS-Gold-Arc-3
tin arc-3,DHS-Tin-Arc-3
tin arc 3,DHS-Tin-Arc-3
tin arc3,DHS-Tin-Arc-3
dhs arc-3,DHS-Gold-Arc-3
dhs arc3,DHS-Gold-Arc-3
dhs arc 3,DHS-Gold-Arc-3
dhs tin arc-3,DHS-Tin-Arc-3
dhs tin arc 3,DHS-Tin-Arc-3
dhs tin arc3,DHS-Tin-Arc-3
tin arc,DHS-Tin-Arc
dhs tin arc,DHS-Tin-Arc
skyline tg3,DHS-Skyline-TG3
dhs skyline tg3,DHS-Skyline-TG3
skyline 2,DHS-NEO-Skyline-2
skyline2,DHS-NEO-Skyline-2
dhs skyline 2,DHS-NEO-Skyline-2
dhs skyline2,DHS-NEO-Skyline-2
skyline,DHS-Skyline
dhs skyline,DHS-Skyline
pf4-1,DHS-PF4-1
dhs pf4-1,DHS-PF4-1
pf4 new,DHS-PF4-New
dhs pf4 new,DHS-PF4-New
pf4 40+,DHS-PF4-40+
dhs pf4 40+,DHS-PF4-40+
pf4,DHS-PF4
dhs pf4,DHS-PF4
skyline-3,DHS-NEO-Skyline-3
skyline3,DHS-NEO-Skyline-3
skyline 3,DHS-NEO-Skyline-3
neo skyline-3,DHS-NEO-Skyline-3
neo skyline 3,DHS-NEO-Skyline-3
neo skyline3,DHS-NEO-Skyline-3
dhs skyline-3,DHS-NEO-Skyline-3
dhs skyline3,DHS-NEO-Skyline-3
dhs skyline 3,DHS-NEO-Skyline-3
dhs neo skyline-3,DHS-NEO-Skyline-3
dhs neo skyline 3,DHS-NEO-Skyline-3
dhs neo skyline3,DHS-NEO-Skyline-3
skyline-2,DHS-NEO-Skyline-2
neo skyline-2,DHS-NEO-Skyline-2
neo skyline 2,DHS-NEO-Skyline-2
neo skyline2,DHS-NEO-Skyline-2
dhs skyline-2,DHS-NEO-Skyline-2
dhs neo skyline-2,DHS-NEO-Skyline-2
dhs neo skyline 2,DHS-NEO-Skyline-2
dhs neo skyline2,DHS-NEO-Skyline-2
hurricane-3,DHS-NEO-Hurricane-3
hurricane3,DHS-Hurricane-3
hurricane 3,DHS-Hurricane-3
neo hurricane-3,DHS-NEO-Hurricane-3
neo hurricane 3,DHS-NEO-Hurricane-3
neo hurricane3,DHS-NEO-Hurricane-3
dhs hurricane-3,DHS-NEO-Hurricane-3
dhs hurricane3,DHS-Hurricane-3
dhs hurricane 3,DHS-Hurricane-3
dhs neo hurricane-3,DHS-NEO-Hurricane-3
dhs neo hurricane 3,DHS-NEO-Hurricane-3
dhs neo hurricane3,DHS-NEO-Hurricane-3
hurricane-2,DHS-NEO-Hurricane-2
hurricane2,DHS-Hurricane-2
hurricane 2,DHS-Hurricane-2
neo hurricane-2,DHS-NEO-Hurricane-2
neo hurricane 2,DHS-NEO-Hurricane-2
neo hurricane2,DHS-NEO-Hurricane-2
dhs hurricane-2,DHS-NEO-Hurricane-2
dhs hurricane2,DHS-Hurricane-2
dhs hurricane 2,DHS-Hurricane-2
dhs neo hurricane-2,DHS-NEO-Hurricane-2
dhs neo hurricane 2,DHS-NEO-Hurricane-2
dhs neo hurricane2,DHS-NEO-Hurricane-2
neo-3,DHS-Hurricane-Neo-3
neo3,DHS-Hurricane-Neo-3
neo 3,DHS-Hurricane-Neo-3
hurricane neo-3,DHS-Hurricane-Neo-3
hurricane neo 3,DHS-Hurricane-Neo-3
hurricane neo3,DHS-Hurricane-Neo-3
dhs neo-3,DHS-Hurricane-Neo-3
dhs neo3,DHS-Hurricane-Neo-3
dhs neo 3,DHS-Hurricane-Neo-3
dhs hurricane neo-3,DHS-Hurricane-Neo-3
dhs hurricane neo 3,DHS-Hurricane-Neo-3
dhs hurricane neo3,DHS-Hurricane-Neo-3
8-hard,DHS-Hurricane-8-Hard
8hard,DHS-Hurricane-8-Hard
8 hard,DHS-Hurricane-8-Hard
hurricane 8-hard,DHS-Hurricane-8-Hard
hurricane 8 hard,DHS-Hurricane-8-Hard
hurricane 8hard,DHS-Hurricane-8-Hard
h8hard,DHS-Hurricane-8-Hard
h8-hard,DHS-Hurricane-8-Hard
dhs 8-hard,DHS-Hurricane-8-Hard
dhs 8hard,DHS-Hurricane-8-Hard
dhs 8 hard,DHS-Hurricane-8-Hard
dhs hurricane 8-hard,DHS-Hurricane-8-Hard
dhs hurricane 8 hard,DHS-Hurricane-8-Hard
dhs hurricane 8hard,DHS-Hurricane-8-Hard
dhs h8hard,DHS-Hurricane-8-Hard
dhs h8-hard,DHS-Hurricane-8-Hard
hurricane 8,DHS-Hurricane-8
h8,DHS-Hurricane-8
hurricane8,DHS-Hurricane-8
dhs hurricane 8,DHS-Hurricane-8
dhs h8,DHS-Hurricane-8
dhs hurricane8,DHS-Hurricane-8
3-50-soft,DHS-Hurricane-3-50-Soft
3-50soft,DHS-Hurricane-3-50-Soft
3-50 soft,DHS-Hurricane-3-50-Soft
hurricane 3-50-soft,DHS-Hurricane-3-50-Soft
hurricane 3-50 soft,DHS-Hurricane-3-50-Soft
hurricane 3-50soft,DHS-Hurricane-3-50-Soft
dhs 3-50-soft,DHS-Hurricane-3-50-Soft
dhs 3-50soft,DHS-Hurricane-3-50-Soft
dhs 3-50 soft,DHS-Hurricane-3-50-Soft
dhs hurricane 3-50-soft,DHS-Hurricane-3-50-Soft
dhs hurricane 3-50 soft,DHS-Hurricane-3-50-Soft
dhs hurricane 3-50soft,DHS-Hurricane-3-50-Soft
hurricane 3-50,DHS-Hurricane-3-50
3-50,DHS-Hurricane-3-50
350,DHS-Hurricane-3-50
hurricane 350,DHS-Hurricane-3-50
dhs hurricane 3-50,DHS-Hurricane-3-50
dhs 3-50,DHS-Hurricane-3-50
dhs 350,DHS-Hurricane-3-50
dhs hurricane 350,DHS-Hurricane-3-50
3-pro,DHS-Hurricane-3-Pro
3pro,DHS-Hurricane-3-Pro
3 pro,DHS-Hurricane-3-Pro
hurricane 3-pro,DHS-Hurricane-3-Pro
hurricane 3 pro,DHS-Hurricane-3-Pro
hurricane 3pro,DHS-Hurricane-3-Pro
h3pro,DHS-Hurricane-3-Pro
h3-pro,DHS-Hurricane-3-Pro
dhs 3-pro,DHS-Hurricane-3-Pro
dhs 3pro,DHS-Hurricane-3-Pro
dhs 3 pro,DHS-Hurricane-3-Pro
dhs hurricane 3-pro,DHS-Hurricane-3-Pro
dhs hurricane 3 pro,DHS-Hurricane-3-Pro
dhs hurricane 3pro,DHS-Hurricane-3-Pro
dhs h3pro,DHS-Hurricane-3-Pro
dhs h3-pro,DHS-Hurricane-3-Pro
3-national,DHS-Hurricane-3-National
3national,DHS-Hurricane-3-National
3 national,DHS-Hurricane-3-National
hurricane 3-national,DHS-Hurricane-3-National
hurricane 3 national,DHS-Hurricane-3-National
hurricane 3national,DHS-Hurricane-3-National
h3national,DHS-Hurricane-3-National
h3-national,DHS-Hurricane-3-National
dhs 3-national,DHS-Hurricane-3-National
dhs 3national,DHS-Hurricane-3-National
dhs 3 national,DHS-Hurricane-3-National
dhs hurricane 3-national,DHS-Hurricane-3-National
dhs hurricane 3 national,DHS-Hurricane-3-National
dhs hurricane 3national,DHS-Hurricane-3-National
dhs h3national,DHS-Hurricane-3-National
dhs h3-national,DHS-Hurricane-3-National
h3,DHS-Hurricane-3
dhs h3,DHS-Hurricane-3
h2,DHS-Hurricane-2
dhs h2,DHS-Hurricane-2
hurricane,DHS-Hurricane
dhs hurricane,DHS-Hurricane
arc-8,DHS-Gold-Arc-8
arc8,DHS-Gold-Arc-8
arc 8,DHS-Gold-Arc-8
gold arc-8,DHS-Gold-Arc-8
gold arc 8,DHS-Gold-Arc-8
gold arc8,DHS-Gold-Arc-8
dhs arc-8,DHS-Gold-Arc-8
dhs arc8,DHS-Gold-Arc-8
dhs arc 8,DHS-Gold-Arc-8
dhs gold arc-8,DHS-Gold-Arc-8
dhs gold arc 8,DHS-Gold-Arc-8
dhs gold arc8,DHS-Gold-Arc-8
gold arc-5,DHS-Gold-Arc-5
gold arc 5,DHS-Gold-Arc-5
gold arc5,DHS-Gold-Arc-5
dhs gold arc-5,DHS-Gold-Arc-5
dhs gold arc 5,DHS-Gold-Arc-5
dhs gold arc5,DHS-Gold-Arc-5
gold arc-3,DHS-Gold-Arc-3
gold arc 3,DHS-Gold-Arc-3
gold arc3,DHS-Gold-Arc-3
dhs gold arc-3,DHS-Gold-Arc-3
dhs gold arc 3,DHS-Gold-Arc-3
dhs gold arc3,DHS-Gold-Arc-3
gold arc,DHS-Gold-Arc
dhs gold arc,DHS-Gold-Arc
g888,DHS-G888
dhs g888,DHS-G888
g777,DHS-G777
dhs g777,DHS-G777
g666,DHS-G666
dhs g666,DHS-G666
g555,DHS-G555
dhs g555,DHS-G555
dipper 3,DHS-Dipper-3
d3,DHS-Dipper-3
dipper3,DHS-Dipper-3
dhs dipper 3,DHS-Dipper-3
dhs d3,DHS-Dipper-3
dhs dipper3,DHS-Dipper-3
dipper 2,DHS-Dipper-2
d2,DHS-Dipper-2
dipper2,DHS-Dipper-2
dhs dipper 2,DHS-Dipper-2
dhs d2,DHS-Dipper-2
dhs dipper2,DHS-Dipper-2
dipper,DHS-Dipper
dhs dipper,DHS-Dipper
dhs c7,DHS-Dhs-C7
dhs dhs c7,DHS-Dhs-C7
6512,DHS-6512
dhs 6512,DHS-6512
yuki,Butterfly-Yuki
butterfly yuki,Butterfly-Yuki
wakaba d-13,Butterfly-Wakaba-D-13
d-13,Butterfly-Wakaba-D-13
d13,Butterfly-Wakaba-D-13
wakaba d13,Butterfly-Wakaba-D-13
butterfly wakaba d-13,Butterfly-Wakaba-D-13
butterfly d-13,Butterfly-Wakaba-D-13
butterfly d13,Butterfly-Wakaba-D-13
butterfly wakaba d13,Butterfly-Wakaba-D-13
wakaba,Butterfly-Wakaba
butterfly wakaba,Butterfly-Wakaba
tenergy 80-fx,Butterfly-Tenergy-80-FX
80-fx,Butterfly-Tenergy-80-FX
80fx,Butterfly-Tenergy-80-FX
tenergy 80fx,Butterfly-Tenergy-80-FX
butterfly tenergy 80-fx,Butterfly-Tenergy-80-FX
butterfly 80-fx,Butterfly-Tenergy-80-FX
butterfly 80fx,Butterfly-Tenergy-80-FX
butterfly tenergy 80fx,Butterfly-Tenergy-80-FX
tenergy 80,Butterfly-Tenergy-80
t80,Butterfly-Tenergy-80
tenergy80,Butterfly-Tenergy-80
80,Butterfly-Tenergy-80
butterfly tenergy 80,Butterfly-Tenergy-80
butterfly t80,Butterfly-Tenergy-80
butterfly tenergy80,Butterfly-Tenergy-80
butterfly 80,Butterfly-Tenergy-80
64-fx,Butterfly-Tenergy-64-FX
64fx,Butterfly-Tenergy-64-FX
64 fx,Butterfly-Tenergy-64-FX
tenergy 64-fx,Butterfly-Tenergy-64-FX
tenergy 64 fx,Butterfly-Tenergy-64-FX
tenergy 64fx,Butterfly-Tenergy-64-FX
t64fx,Butterfly-Tenergy-64-FX
t64-fx,Butterfly-Tenergy-64-FX
butterfly 64-fx,Butterfly-Tenergy-64-FX
butterfly 64fx,Butterfly-Tenergy-64-FX
butterfly 64 fx,Butterfly-Tenergy-64-FX
butterfly tenergy 64-fx,Butterfly-Tenergy-64-FX
butterfly tenergy 64 fx,Butterfly-Tenergy-64-FX
butterfly tenergy 64fx,Butterfly-Tenergy-64-FX
butterfly t64fx,Butterfly-Tenergy-64-FX
butterfly t64-fx,Butterfly-Tenergy-64-FX
tenergy 64,Butterfly-Tenergy-64
t64,Butterfly-Tenergy-64
tenergy64,Butterfly-Tenergy-64
64,Butterfly-Tenergy-64
butterfly tenergy 64,Butterfly-Tenergy-64
butterfly t64,Butterfly-Tenergy-64
butterfly tenergy64,Butterfly-Tenergy-64
butterfly 64,Butterfly-Tenergy-64
25-fx,Butterfly-Tenergy-25-FX
25fx,Butterfly-Tenergy-25-FX
25 fx,Butterfly-Tenergy-25-FX
tenergy 25-fx,Butterfly-Tenergy-25-FX
tenergy 25 fx,Butterfly-Tenergy-25-FX
tenergy 25fx,Butterfly-Tenergy-25-FX
t25fx,Butterfly-Tenergy-25-FX
t25-fx,Butterfly-Tenergy-25-FX
butterfly 25-fx,Butterfly-Tenergy-25-FX
butterfly 25fx,Butterfly-Tenergy-25-FX
butterfly 25 fx,Butterfly-Tenergy-25-FX
butterfly tenergy 25-fx,Butterfly-Tenergy-25-FX
butterfly tenergy 25 fx,Butterfly-Tenergy-25-FX
butterfly tenergy 25fx,Butterfly-Tenergy-25-FX
butterfly t25fx,Butterfly-Tenergy-25-FX
butterfly t25-fx,Butterfly-Tenergy-25-FX
tenergy 25,Butterfly-Tenergy-25
t25,Butterfly-Tenergy-25
tenergy25,Butterfly-Tenergy-25
25,Butterfly-Tenergy-25
butterfly tenergy 25,Butterfly-Tenergy-25
butterfly t25,Butterfly-Tenergy-25
butterfly tenergy25,Butterfly-Tenergy-25
butterfly 25,Butterfly-Tenergy-25
05-hard,Butterfly-Tenergy-05-Hard
05hard,Butterfly-Tenergy-05-Hard
05 hard,Butterfly-Tenergy-05-Hard
tenergy 05-hard,Butterfly-Tenergy-05-Hard
tenergy 05 hard,Butterfly-Tenergy-05-Hard
tenergy 05hard,Butterfly-Tenergy-05-Hard
t05hard,Butterfly-Tenergy-05-Hard
t05-hard,Butterfly-Tenergy-05-Hard
butterfly 05-hard,Butterfly-Tenergy-05-Hard
butterfly 05hard,Butterfly-Tenergy-05-Hard
butterfly 05 hard,Butterfly-Tenergy-05-Hard
butterfly tenergy 05-hard,Butterfly-Tenergy-05-Hard
butterfly tenergy 05 hard,Butterfly-Tenergy-05-Hard
butterfly tenergy 05hard,Butterfly-Tenergy-05-Hard
butterfly t05hard,Butterfly-Tenergy-05-Hard
butterfly t05-hard,Butterfly-Tenergy-05-Hard
05-fx,Butterfly-Tenergy-05-FX
05fx,Butterfly-Tenergy-05-FX
05 fx,Butterfly-Tenergy-05-FX
tenergy 05-fx,Butterfly-Tenergy-05-FX
tenergy 05 fx,Butterfly-Tenergy-05-FX
tenergy 05fx,Butterfly-Tenergy-05-FX
t05fx,Butterfly-Tenergy-05-FX
t05-fx,Butterfly-Tenergy-05-FX
butterfly 05-fx,Butterfly-Tenergy-05-FX
butterfly 05fx,Butterfly-Tenergy-05-FX
butterfly 05 fx,Butterfly-Tenergy-05-FX
butterfly tenergy 05-fx,Butterfly-Tenergy-05-FX
butterfly tenergy 05 fx,Butterfly-Tenergy-05-FX
butterfly tenergy 05fx,Butterfly-Tenergy-05-FX
butterfly t05fx,Butterfly-Tenergy-05-FX
butterfly t05-fx,Butterfly-Tenergy-05-FX
tenergy 05,Butterfly-Tenergy-05
t05,Butterfly-Tenergy-05
tenergy05,Butterfly-Tenergy-05
05,Butterfly-Tenergy-05
butterfly tenergy 05,Butterfly-Tenergy-05
butterfly t05,Butterfly-Tenergy-05
butterfly tenergy05,Butterfly-Tenergy-05
butterfly 05,Butterfly-Tenergy-05
tempest,Butterfly-Tempest
butterfly tempest,Butterfly-Tempest
anti-(anti-spin),Butterfly-Super-Anti-(Anti-spin)
anti(anti-spin),Butterfly-Super-Anti-(Anti-spin)
anti (anti-spin),Butterfly-Super-Anti-(Anti-spin)
super anti-(anti-spin),Butterfly-Super-Anti-(Anti-spin)
super anti (anti-spin),Butterfly-Super-Anti-(Anti-spin)
super anti(anti-spin),Butterfly-Super-Anti-(Anti-spin)
butterfly anti-(anti-spin),Butterfly-Super-Anti-(Anti-spin)
butterfly anti(anti-spin),Butterfly-Super-Anti-(Anti-spin)
butterfly anti (anti-spin),Butterfly-Super-Anti-(Anti-spin)
butterfly super anti-(anti-spin),Butterfly-Super-Anti-(Anti-spin)
butterfly super anti (anti-spin),Butterfly-Super-Anti-(Anti-spin)
butterfly super anti(anti-spin),Butterfly-Super-Anti-(Anti-spin)
stayer,Butterfly-Stayer
butterfly stayer,Butterfly-Stayer
sriver s,Butterfly-Sriver-S
butterfly sriver s,Butterfly-Sriver-S
sriver powersponge,Butterfly-Sriver-PowerSponge
butterfly sriver powersponge,Butterfly-Sriver-PowerSponge
sriver l,Butterfly-Sriver-L
butterfly sriver l,Butterfly-Sriver-L
high-tune,Butterfly-Bryce-High-Tune
hightune,Butterfly-Bryce-High-Tune
high tune,Butterfly-Bryce-High-Tune
sriver high-tune,Butterfly-Sriver-High-Tune
sriver high tune,Butterfly-Sriver-High-Tune
sriver hightune,Butterfly-Sriver-High-Tune
butterfly high-tune,Butterfly-Bryce-High-Tune
butterfly hightune,Butterfly-Bryce-High-Tune
butterfly high tune,Butterfly-Bryce-High-Tune
butterfly sriver high-tune,Butterfly-Sriver-High-Tune
butterfly sriver high tune,Butterfly-Sriver-High-Tune
butterfly sriver hightune,Butterfly-Sriver-High-Tune
g3-fx,Butterfly-Sriver-G3-FX
g3fx,Butterfly-Sriver-G3-FX
g3 fx,Butterfly-Sriver-G3-FX
sriver g3-fx,Butterfly-Sriver-G3-FX
sriver g3 fx,Butterfly-Sriver-G3-FX
sriver g3fx,Butterfly-Sriver-G3-FX
butterfly g3-fx,Butterfly-Sriver-G3-FX
butterfly g3fx,Butterfly-Sriver-G3-FX
butterfly g3 fx,Butterfly-Sriver-G3-FX
butterfly sriver g3-fx,Butterfly-Sriver-G3-FX
butterfly sriver g3 fx,Butterfly-Sriver-G3-FX
butterfly sriver g3fx,Butterfly-Sriver-G3-FX
sriver g3,Butterfly-Sriver-G3
butterfly sriver g3,Butterfly-Sriver-G3
g2-fx,Butterfly-Sriver-G2-FX
g2fx,Butterfly-Sriver-G2-FX
g2 fx,Butterfly-Sriver-G2-FX
sriver g2-fx,Butterfly-Sriver-G2-FX
sriver g2 fx,Butterfly-Sriver-G2-FX
sriver g2fx,Butterfly-Sriver-G2-FX
butterfly g2-fx,Butterfly-Sriver-G2-FX
butterfly g2fx,Butterfly-Sriver-G2-FX
butterfly g2 fx,Butterfly-Sriver-G2-FX
butterfly sriver g2-fx,Butterfly-Sriver-G2-FX
butterfly sriver g2 fx,Butterfly-Sriver-G2-FX
butterfly sriver g2fx,Butterfly-Sriver-G2-FX
sriver g2,Butterfly-Sriver-G2
butterfly sriver g2,Butterfly-Sriver-G2
fx-powersponge,Butterfly-Bryce-FX-PowerSponge
fxpowersponge,Butterfly-Bryce-FX-PowerSponge
fx powersponge,Butterfly-Bryce-FX-PowerSponge
sriver fx-powersponge,Butterfly-Sriver-FX-PowerSponge
sriver fx powersponge,Butterfly-Sriver-FX-PowerSponge
sriver fxpowersponge,Butterfly-Sriver-FX-PowerSponge
butterfly fx-powersponge,Butterfly-Bryce-FX-PowerSponge
butterfly fxpowersponge,Butterfly-Bryce-FX-PowerSponge
butterfly fx powersponge,Butterfly-Bryce-FX-PowerSponge
butterfly sriver fx-powersponge,Butterfly-Sriver-FX-PowerSponge
butterfly sriver fx powersponge,Butterfly-Sriver-FX-PowerSponge
butterfly sriver fxpowersponge,Butterfly-Sriver-FX-PowerSponge
sriver fx,Butterfly-Sriver-FX
butterfly sriver fx,Butterfly-Sriver-FX
sriver el,Butterfly-Sriver-EL
butterfly sriver el,Butterfly-Sriver-EL
sriver,Butterfly-Sriver
butterfly sriver,Butterfly-Sriver
spin art,Butterfly-Spin-Art
butterfly spin art,Butterfly-Spin-Art
solcion,Butterfly-Solcion
butterfly solcion,Butterfly-Solcion
soft d13,Butterfly-SOFT-D13
butterfly soft d13,Butterfly-SOFT-D13
sapphira,Butterfly-Sapphira
butterfly sapphira,Butterfly-Sapphira
rozena,Butterfly-Rozena
butterfly rozena,Butterfly-Rozena
roundell soft,Butterfly-Roundell-Soft
butterfly roundell soft,Butterfly-Roundell-Soft
roundell hard,Butterfly-Roundell-Hard
butterfly roundell hard,Butterfly-Roundell-Hard
roundell,Butterfly-Roundell
butterfly roundell,Butterfly-Roundell
pan asia,Butterfly-Pan-Asia
butterfly pan asia,Butterfly-Pan-Asia
morim,Butterfly-Morim
butterfly morim,Butterfly-Morim
largestorm,Butterfly-Largestorm
butterfly largestorm,Butterfly-Largestorm
gignics,Butterfly-Gignics
butterfly gignics,Butterfly-Gignics
flextra,Butterfly-Flextra
butterfly flextra,Butterfly-Flextra
ekrips soft,Butterfly-Ekrips-Soft
butterfly ekrips soft,Butterfly-Ekrips-Soft
ekrips,Butterfly-Ekrips
butterfly ekrips,Butterfly-Ekrips
dignics 80,Butterfly-Dignics-80
d80,Butterfly-Dignics-80
dignics80,Butterfly-Dignics-80
butterfly dignics 80,Butterfly-Dignics-80
butterfly d80,Butterfly-Dignics-80
butterfly dignics80,Butterfly-Dignics-80
dignics 64,Butterfly-Dignics-64
d64,Butterfly-Dignics-64
dignics64,Butterfly-Dignics-64
butterfly dignics 64,Butterfly-Dignics-64
butterfly d64,Butterfly-Dignics-64
butterfly dignics64,Butterfly-Dignics-64
dignics 09c,Butterfly-Dignics-09C
butterfly dignics 09c,Butterfly-Dignics-09C
dignics 05,Butterfly-Dignics-05
d05,Butterfly-Dignics-05
dignics05,Butterfly-Dignics-05
butterfly dignics 05,Butterfly-Dignics-05
butterfly d05,Butterfly-Dignics-05
butterfly dignics05,Butterfly-Dignics-05
cermet,Butterfly-Cermet
butterfly cermet,Butterfly-Cermet
speed-fx,Butterfly-Bryce-Speed-FX
speedfx,Butterfly-Bryce-Speed-FX
speed fx,Butterfly-Bryce-Speed-FX
bryce speed-fx,Butterfly-Bryce-Speed-FX
bryce speed fx,Butterfly-Bryce-Speed-FX
bryce speedfx,Butterfly-Bryce-Speed-FX
butterfly speed-fx,Butterfly-Bryce-Speed-FX
butterfly speedfx,Butterfly-Bryce-Speed-FX
butterfly speed fx,Butterfly-Bryce-Speed-FX
butterfly bryce speed-fx,Butterfly-Bryce-Speed-FX
butterfly bryce speed fx,Butterfly-Bryce-Speed-FX
butterfly bryce speedfx,Butterfly-Bryce-Speed-FX
bryce speed,Butterfly-Bryce-Speed
butterfly bryce speed,Butterfly-Bryce-Speed
bryce powersponge,Butterfly-Bryce-PowerSponge
butterfly bryce powersponge,Butterfly-Bryce-PowerSponge
bryce high-tune,Butterfly-Bryce-High-Tune
bryce high tune,Butterfly-Bryce-High-Tune
bryce hightune,Butterfly-Bryce-High-Tune
butterfly bryce high-tune,Butterfly-Bryce-High-Tune
butterfly bryce high tune,Butterfly-Bryce-High-Tune
butterfly bryce hightune,Butterfly-Bryce-High-Tune
high-speed,Butterfly-Bryce-High-Speed
highspeed,Butterfly-Bryce-High-Speed
high speed,Butterfly-Bryce-High-Speed
bryce high-speed,Butterfly-Bryce-High-Speed
bryce high speed,Butterfly-Bryce-High-Speed
bryce highspeed,Butterfly-Bryce-High-Speed
butterfly high-speed,Butterfly-Bryce-High-Speed
butterfly highspeed,Butterfly-Bryce-High-Speed
butterfly high speed,Butterfly-Bryce-High-Speed
butterfly bryce high-speed,Butterfly-Bryce-High-Speed
butterfly bryce high speed,Butterfly-Bryce-High-Speed
butterfly bryce highspeed,Butterfly-Bryce-High-Speed
bryce hard,Butterfly-Bryce-Hard
butterfly bryce hard,Butterfly-Bryce-Hard
bryce fx-powersponge,Butterfly-Bryce-FX-PowerSponge
bryce fx powersponge,Butterfly-Bryce-FX-PowerSponge
bryce fxpowersponge,Butterfly-Bryce-FX-PowerSponge
butterfly bryce fx-powersponge,Butterfly-Bryce-FX-PowerSponge
butterfly bryce fx powersponge,Butterfly-Bryce-FX-PowerSponge
butterfly bryce fxpowersponge,Butterfly-Bryce-FX-PowerSponge
bryce fx,Butterfly-Bryce-FX
butterfly bryce fx,Butterfly-Bryce-FX
bryce,Butterfly-Bryce
butterfly bryce,Butterfly-Bryce
aibiss,Butterfly-Aibiss
butterfly aibiss,Butterfly-Aibiss
addoy,Butterfly-Addoy
butterfly addoy,Butterfly-Addoy
zenith g,Andro-Zenith-G
andro zenith g,Andro-Zenith-G
upgrade,Andro-Upgrade
andro upgrade,Andro-Upgrade
shifter powersponge,Andro-Shifter-PowerSponge
andro shifter powersponge,Andro-Shifter-PowerSponge
shifter,Andro-Shifter
andro shifter,Andro-Shifter
500-pro,Andro-Roxon-500-Pro
500pro,Andro-Roxon-500-Pro
500 pro,Andro-Roxon-500-Pro
roxon 500-pro,Andro-Roxon-500-Pro
roxon 500 pro,Andro-Roxon-500-Pro
roxon 500pro,Andro-Roxon-500-Pro
r500pro,Andro-Roxon-500-Pro
r500-pro,Andro-Roxon-500-Pro
andro 500-pro,Andro-Roxon-500-Pro
andro 500pro,Andro-Roxon-500-Pro
andro 500 pro,Andro-Roxon-500-Pro
andro roxon 500-pro,Andro-Roxon-500-Pro
andro roxon 500 pro,Andro-Roxon-500-Pro
andro roxon 500pro,Andro-Roxon-500-Pro
andro r500pro,Andro-Roxon-500-Pro
andro r500-pro,Andro-Roxon-500-Pro
roxon 450,Andro-Roxon-450
r450,Andro-Roxon-450
roxon450,Andro-Roxon-450
andro roxon 450,Andro-Roxon-450
andro r450,Andro-Roxon-450
andro roxon450,Andro-Roxon-450
roxon 330,Andro-Roxon-330
r330,Andro-Roxon-330
roxon330,Andro-Roxon-330
andro roxon 330,Andro-Roxon-330
andro r330,Andro-Roxon-330
andro roxon330,Andro-Roxon-330
rocket soft,Andro-Rocket-Soft
andro rocket soft,Andro-Rocket-Soft
rocket medium,Andro-Rocket-Medium
andro rocket medium,Andro-Rocket-Medium
rocket hard,Andro-Rocket-Hard
andro rocket hard,Andro-Rocket-Hard
quad-480,Andro-Revolution-Quad-480
quad480,Andro-Revolution-Quad-480
quad 480,Andro-Revolution-Quad-480
revolution quad-480,Andro-Revolution-Quad-480
revolution quad 480,Andro-Revolution-Quad-480
revolution quad480,Andro-Revolution-Quad-480
andro quad-480,Andro-Revolution-Quad-480
andro quad480,Andro-Revolution-Quad-480
andro quad 480,Andro-Revolution-Quad-480
andro revolution quad-480,Andro-Revolution-Quad-480
andro revolution quad 480,Andro-Revolution-Quad-480
andro revolution quad480,Andro-Revolution-Quad-480
quad-450,Andro-Revolution-Quad-450
quad450,Andro-Revolution-Quad-450
quad 450,Andro-Revolution-Quad-450
revolution quad-450,Andro-Revolution-Quad-450
revolution quad 450,Andro-Revolution-Quad-450
revolution quad450,Andro-Revolution-Quad-450
andro quad-450,Andro-Revolution-Quad-450
andro quad450,Andro-Revolution-Quad-450
andro quad 450,Andro-Revolution-Quad-450
andro revolution quad-450,Andro-Revolution-Quad-450
andro revolution quad 450,Andro-Revolution-Quad-450
andro revolution quad450,Andro-Revolution-Quad-450
quad-420,Andro-Revolution-Quad-420
quad420,Andro-Revolution-Quad-420
quad 420,Andro-Revolution-Quad-420
revolution quad-420,Andro-Revolution-Quad-420
revolution quad 420,Andro-Revolution-Quad-420
revolution quad420,Andro-Revolution-Quad-420
andro quad-420,Andro-Revolution-Quad-420
andro quad420,Andro-Revolution-Quad-420
andro quad 420,Andro-Revolution-Quad-420
andro revolution quad-420,Andro-Revolution-Quad-420
andro revolution quad 420,Andro-Revolution-Quad-420
andro revolution quad420,Andro-Revolution-Quad-420
revolution fire,Andro-Revolution-Fire
andro revolution fire,Andro-Revolution-Fire
revolution,Andro-Revolution
andro revolution,Andro-Revolution
revo fire,Andro-Revo-Fire
andro revo fire,Andro-Revo-Fire
razant,Andro-Razant
andro razant,Andro-Razant
rasanter v47,Andro-Rasanter-V47
andro rasanter v47,Andro-Rasanter-V47
rasanter v42,Andro-Rasanter-V42
andro rasanter v42,Andro-Rasanter-V42
rasanter r53,Andro-Rasanter-R53
andro rasanter r53,Andro-Rasanter-R53
rasanter r50,Andro-Rasanter-R50
andro rasanter r50,Andro-Rasanter-R50
rasanter r48,Andro-Rasanter-R48
andro rasanter r48,Andro-Rasanter-R48
rasanter r47,Andro-Rasanter-R47
andro rasanter r47,Andro-Rasanter-R47
rasanter r42,Andro-Rasanter-R42
andro rasanter r42,Andro-Rasanter-R42
rasanter r37,Andro-Rasanter-R37
andro rasanter r37,Andro-Rasanter-R37
rasanter,Andro-Rasanter
andro rasanter,Andro-Rasanter
rasant turbo,Andro-Rasant-Turbo
andro rasant turbo,Andro-Rasant-Turbo
rasant powersponge,Andro-Rasant-Powersponge
andro rasant powersponge,Andro-Rasant-Powersponge
rasant powergrip,Andro-Rasant-PowerGrip
andro rasant powergrip,Andro-Rasant-PowerGrip
rasant grip,Andro-Rasant-Grip
andro rasant grip,Andro-Rasant-Grip
rasant chaos,Andro-Rasant-Chaos
andro rasant chaos,Andro-Rasant-Chaos
rasant beat,Andro-Rasant-Beat
andro rasant beat,Andro-Rasant-Beat
rasant,Andro-Rasant
andro rasant,Andro-Rasant
plaxon 525,Andro-Plaxon-525
p525,Andro-Plaxon-525
plaxon525,Andro-Plaxon-525
andro plaxon 525,Andro-Plaxon-525
andro p525,Andro-Plaxon-525
andro plaxon525,Andro-Plaxon-525
plaxon 450,Andro-Plaxon-450
p450,Andro-Plaxon-450
plaxon450,Andro-Plaxon-450
andro plaxon 450,Andro-Plaxon-450
andro p450,Andro-Plaxon-450
andro plaxon450,Andro-Plaxon-450
plaxon 400,Andro-Plaxon-400
p400,Andro-Plaxon-400
plaxon400,Andro-Plaxon-400
andro plaxon 400,Andro-Plaxon-400
andro p400,Andro-Plaxon-400
andro plaxon400,Andro-Plaxon-400
plaxon 350,Andro-Plaxon-350
p350,Andro-Plaxon-350
plaxon350,Andro-Plaxon-350
andro plaxon 350,Andro-Plaxon-350
andro p350,Andro-Plaxon-350
andro plaxon350,Andro-Plaxon-350
plasma women,Andro-Plasma-Women
andro plasma women,Andro-Plasma-Women
plasma 470,Andro-Plasma-470
p470,Andro-Plasma-470
plasma470,Andro-Plasma-470
andro plasma 470,Andro-Plasma-470
andro p470,Andro-Plasma-470
andro plasma470,Andro-Plasma-470
plasma 430,Andro-Plasma-430
p430,Andro-Plasma-430
plasma430,Andro-Plasma-430
andro plasma 430,Andro-Plasma-430
andro p430,Andro-Plasma-430
andro plasma430,Andro-Plasma-430
plasma 380,Andro-Plasma-380
p380,Andro-Plasma-380
plasma380,Andro-Plasma-380
andro plasma 380,Andro-Plasma-380
andro p380,Andro-Plasma-380
andro plasma380,Andro-Plasma-380
maxcell supersponge,Andro-Maxcell-SuperSponge
andro maxcell supersponge,Andro-Maxcell-SuperSponge
impuls speed,Andro-Impuls-Speed
andro impuls speed,Andro-Impuls-Speed
impuls powersponge,Andro-Impuls-Powersponge
andro impuls powersponge,Andro-Impuls-Powersponge
impuls,Andro-Impuls
andro impuls,Andro-Impuls
hexer+,Andro-Hexer+
andro hexer+,Andro-Hexer+
hexer powersponge,Andro-Hexer-Powersponge
andro hexer powersponge,Andro-Hexer-Powersponge
powergrip-sfx,Andro-Hexer-Powergrip-SFX
powergripsfx,Andro-Hexer-Powergrip-SFX
powergrip sfx,Andro-Hexer-Powergrip-SFX
hexer powergrip-sfx,Andro-Hexer-Powergrip-SFX
hexer powergrip sfx,Andro-Hexer-Powergrip-SFX
hexer powergripsfx,Andro-Hexer-Powergrip-SFX
andro powergrip-sfx,Andro-Hexer-Powergrip-SFX
andro powergripsfx,Andro-Hexer-Powergrip-SFX
andro powergrip sfx,Andro-Hexer-Powergrip-SFX
andro hexer powergrip-sfx,Andro-Hexer-Powergrip-SFX
andro hexer powergrip sfx,Andro-Hexer-Powergrip-SFX
andro hexer powergripsfx,Andro-Hexer-Powergrip-SFX
hexer powergrip,Andro-Hexer-Powergrip
andro hexer powergrip,Andro-Hexer-Powergrip
hexer hd,Andro-Hexer-HD
andro hexer hd,Andro-Hexer-HD
grip-sfx,Andro-Hexer-Grip-SFX
gripsfx,Andro-Hexer-Grip-SFX
grip sfx,Andro-Hexer-Grip-SFX
hexer grip-sfx,Andro-Hexer-Grip-SFX
hexer grip sfx,Andro-Hexer-Grip-SFX
hexer gripsfx,Andro-Hexer-Grip-SFX
andro grip-sfx,Andro-Hexer-Grip-SFX
andro gripsfx,Andro-Hexer-Grip-SFX
andro grip sfx,Andro-Hexer-Grip-SFX
andro hexer grip-sfx,Andro-Hexer-Grip-SFX
andro hexer grip sfx,Andro-Hexer-Grip-SFX
andro hexer gripsfx,Andro-Hexer-Grip-SFX
hexer grip,Andro-Hexer-Grip
andro hexer grip,Andro-Hexer-Grip
hexer duro,Andro-Hexer-Duro
andro hexer duro,Andro-Hexer-Duro
hexer,Andro-Hexer
andro hexer,Andro-Hexer
gtt 45,Andro-GTT-45
g45,Andro-GTT-45
gtt45,Andro-GTT-45
andro gtt 45,Andro-GTT-45
andro g45,Andro-GTT-45
andro gtt45,Andro-GTT-45
gtt 40,Andro-GTT-40
g40,Andro-GTT-40
gtt40,Andro-GTT-40
andro gtt 40,Andro-GTT-40
andro g40,Andro-GTT-40
andro gtt40,Andro-GTT-40
h3n,DHS-Hurricane-3-National
h3p,DHS-Hurrican-3-Provincial
esn rubbers,ESN-rubbers
esn rubber,ESN-rubbers
esn,ESN-rubbers
chinese rubbers,Chinese-rubbers
chinese rubber,Chinese-rubbers
tenergy,Butterfly-Tenergy
evolution,Tibhar-Evolution
tensor rubbers,Tensor-rubbers
tensor rubber,Tensor-rubbers
tensors,Tensor-rubbers
tensor,Tensor-rubbers
ten05,Butterfly-Tenergy-05
ten,Butterfly-Tenergy
acuda,Donic-Acuda
dhs national h3,DHS-Hurricane-3-National
dhs national hurricane 3,DHS-Hurricane-3-National
dhs national hurricane,DHS-Hurricane-National
rakza,Yasaka-Rakza
dignics,Butterfly-Dignics
neo h3,DHS-NEO-Hurricane-3
neo h2,DHS-NEO-Hurricane-2
